avg_speed_knots,speed_variance,max_speed_knots,min_speed_knots,course_changes,loitering,num_ais_gaps,max_gap_duration_min,total_gap_minutes,heading_alignment,is_suspicious
14.35928598332891,19.6398788362281,21.148553856905203,11.423174140674291,4,1,1,120.16725176148132,109.64321694946246,0.008233797718320978,1
17.98931168960506,1.0616955533913808,18.53478659122636,17.439098160044757,0,0,1,0.46124850082831514,0.46124850082831514,0.7148647961550335,0
2.6066536217770007,24.475110376829182,6.468824345219435,0.5,7,1,1,36.96756190799966,32.61512891296563,0.06820964947491662,1
14.335511984293332,24.312640661491187,22.802690769225023,10.507829369253107,3,0,3,132.48952782381872,350.9643606773736,0.33327796469446574,1
7.0837878984521305,8.644721755761246,15.12667918099335,2.5328526515046628,4,0,1,175.4376941646838,163.6026404758292,0.37579957662567565,1
15.174799745733022,4.609371175115584,15.44027725188878,14.586851158475586,0,0,1,14.946402202747617,14.946402202747617,0.7238152794334478,0
19.583063687169656,3.0351712384334233,20.411061233237284,18.69424317005741,0,1,0,0.0,0.0,0.8633468615779945,0
2.071787522606831,21.309228569096682,9.726646273387768,0.5,8,1,3,127.66155382529166,373.21391951377586,0.34001543111591975,1
3.240331514375347,12.416365043965328,10.591061535684204,0.5,7,1,3,100.83223877429239,222.6007614322481,0.28529791488919803,1
14.735326370833954,3.854835899772805,16.216713159927128,13.167127882687971,1,1,0,0.0,0.0,0.5210315214012378,0
13.704442678185341,2.8163778598819182,15.790990937463723,13.286448314967714,1,0,0,0.0,0.0,0.5372788992949735,0
5.7667688878789845,8.224425745080088,15.204350106619568,0.5,7,0,2,162.49203883783025,259.11094462298985,0.04883518188026934,1
13.788769740094802,10.442644987692706,20.9702907044257,11.785647478122907,5,1,2,106.61209538663486,175.95757055116596,0.0888431241882921,1
6.388997228247163,23.858194078250385,10.974620684413205,1.2762534977869668,7,1,1,68.0873120901517,52.70385672453011,0.27852170913591534,1
9.7770431594408,4.98870242524471,10.577386202266654,6.84719829194284,1,1,1,18.165317719333075,18.165317719333075,0.5437371344001835,0
8.36288588360832,24.713009082212015,12.299328055700322,2.3300725991730484,8,1,3,150.47096345698438,379.678953881241,0.3933692563579372,1
12.613614351851991,20.966902499691024,15.819354703575428,7.564421691407679,7,0,3,63.036157134832244,172.72125028896053,0.3238004184558862,1
3.25029516418847,23.81046528979208,8.430871332888648,0.5,8,0,1,47.02102818608836,45.95873313683355,0.3509357413523924,1
10.579792598444328,21.344444004024318,17.021399091240028,5.401889128308289,4,1,1,165.06270857449957,146.89432840414622,0.13561191641948028,1
11.437423825313111,22.942205199051543,20.53411521943405,4.7581705501673675,7,1,2,130.34823820713427,227.90242032280497,0.14891310662469723,1
19.683966041063808,1.4196048736873284,20.600057622096987,18.22712478030513,1,0,1,14.243584426950717,14.243584426950717,0.5423494524980801,0
11.704388266534314,17.992657980944294,20.498175550487737,5.758710912732254,6,1,3,125.4498927278843,291.72314217740825,0.23594833902421755,1
13.84090583551346,4.53049393859277,15.144088932044745,12.790670612429434,1,0,0,0.0,0.0,0.5171457926788268,0
11.36926834929027,0.1215798321572692,13.305685237011772,10.837936311069123,2,0,0,0.0,0.0,0.9300964133597553,0
19.43686216428744,1.6537515233525686,21.09515706479391,17.719984756774924,2,0,0,0.0,0.0,0.6310586371611552,0
11.803064061875332,0.8474637334304624,13.473467849250383,8.994599739392989,2,0,1,4.178374352307204,4.178374352307204,0.8026861100944304,0
5.304127437906604,10.905811768378776,9.884533551815409,0.5,3,0,3,74.03877663967401,209.41312977348736,0.3240453578716723,1
18.958886630677654,2.556711994304689,20.463435514739253,16.56400109377733,1,0,1,1.0153706207879387,1.0153706207879387,0.9319702893703959,0
9.525243641598262,13.76948246036174,16.901452723959856,5.55632763674987,4,0,2,118.62498908535161,168.24583980916438,0.014939275499685767,1
12.322287696935154,0.6353025632594239,13.889017477099568,10.01230703763932,0,0,1,16.840461500239627,16.840461500239627,0.5166280203969238,0
11.09365873997352,7.767061848356027,14.155622117917279,3.276437537288566,8,1,3,95.02811063711131,263.19350227581754,0.10034421093866448,1
3.0513485660235697,13.566289498802156,10.5593477721465,0.7021869929729081,9,1,2,44.080993512193764,66.5499398163241,0.3738455989358839,1
14.2003550891188,3.2855566425008345,15.507373785152472,12.010237139433343,0,0,0,0.0,0.0,0.8547076662786215,0
3.508944326589911,5.920052840435055,5.834774745141672,0.5,7,1,2,144.50466345058663,272.2681417404016,0.13852172843576033,1
10.447057874355924,5.9611784839406745,20.04022372708701,3.1269755505676384,4,1,3,105.47043878701315,302.78884488280397,0.263477452647578,1
2.917393716205588,17.84838556412631,5.129484200538562,0.5,9,0,2,116.00505625078999,171.35109317419366,0.3244816706944012,1
15.511276041218874,4.1021342188563406,17.46573035679224,14.891222961588639,0,0,0,0.0,0.0,0.41093309539092987,0
10.87908805441264,6.423772969204579,15.43089309676273,3.809836188595912,3,0,1,104.40561814401093,94.78642656238488,0.13933464178127894,1
8.470235920107754,2.089730158577894,11.372977574668496,6.826320270363492,1,0,0,0.0,0.0,0.994303085200404,0
6.836235115306181,20.528259214839935,11.562663437330324,0.5,9,1,1,140.98631406710618,108.76683094846425,0.15109155447051795,1
13.958734288196933,1.9480904310960172,14.851639811724866,13.658779626711343,0,0,0,0.0,0.0,0.45477200607168017,0
14.350805571660464,24.012142938751122,20.938308676646752,8.559782298641668,6,1,1,113.05545785187012,86.35383536725772,0.37847781715267614,1
9.361575224209377,4.654645528436463,12.284319849812608,6.373781498118389,0,0,0,0.0,0.0,0.6105490075312472,0
3.858891866686866,20.230212634349446,10.804636373216955,1.2521558099501249,3,0,2,89.49774029313778,173.1904911563667,0.0586419286768102,1
10.798736869094334,2.9065270861339116,13.388152435061347,8.157656963179084,0,0,0,0.0,0.0,0.852026911155365,0
3.085509317082694,20.542938318548735,9.552743314969135,0.5,9,1,3,68.0523260809708,167.7273348545436,0.22858921008200428,1
17.20633823730286,4.113951759383466,19.43897320813275,15.163219956012131,0,0,1,5.714241725637215,5.714241725637215,0.9211594769136762,0
14.521893012727947,5.243089493796327,24.28092362638906,12.262933541024491,9,0,3,167.86735729179892,390.74336214182364,0.27816444924265904,1
4.160800614820288,9.336182131729824,8.516752189535726,0.5,7,1,3,36.81695705121868,86.62539852333073,0.3801645936306235,1
13.467881033428554,3.1006629890076836,14.300024582371952,12.90351755425727,1,0,0,0.0,0.0,0.5595627549785434,0
5.379348217105415,14.064816936576621,7.6378758259826185,1.7007671740917405,5,0,1,49.97776878356245,36.12693563434171,0.3762127308541534,1
9.555114075350742,23.38353103671119,12.217101435633191,2.295145159795986,6,1,1,146.64034256028384,123.78072980037683,0.39411442026620175,1
11.744517899688937,12.859788979577182,20.377831665341052,6.330029084694451,3,1,3,71.01106078960593,152.72618309592332,0.3458889505020213,1
19.996612079433568,4.983184185369527,21.66290719624145,17.689649833892037,2,0,0,0.0,0.0,0.5446508993977791,0
5.26875171365338,10.494635940518176,8.926572905717832,0.5,8,1,3,47.03363882994435,127.19851955932812,0.20812308036151733,1
14.24196201334392,4.2609075015927,15.897682529667378,12.559148098737762,2,0,1,9.600919340369503,9.600919340369503,0.652321467199045,0
15.672336283690909,4.02522333759681,18.381789459720785,13.820545147399033,2,0,0,0.0,0.0,0.6353464270598395,0
13.754063028418729,11.965109340466007,19.865978941697215,7.05214495197187,5,0,3,134.6462807240195,379.27495558696984,0.18373872317846898,1
17.227012895784767,0.3311798892593293,17.364596694998667,15.364595842518494,1,0,0,0.0,0.0,0.5440873712669159,0
3.6754363848384397,7.560916779155448,6.8906579329367945,0.8424733489419789,7,1,1,164.51826148590177,138.55538656024748,0.2670230954084109,1
4.49975724451272,5.817372325329577,7.8512377490900365,0.8282152103209683,4,1,1,110.16352555987845,88.87965098492371,0.3576869051583703,1
6.291293673032021,11.43165529360058,9.029618362861989,1.4044213086942614,7,0,3,168.130860079772,362.3169870976056,0.1107510592588815,1
16.9791162846039,0.9226050967818866,17.60716425461403,15.867699976229755,1,0,0,0.0,0.0,0.7187594523841204,0
8.748096350134897,0.7386954595311335,9.147447135897332,6.6865998339249035,2,0,1,2.143440226795521,2.143440226795521,0.6684474200940729,0
10.909646043616757,1.3462161547469047,12.041498532930625,10.849432450283578,0,0,0,0.0,0.0,0.7212013384093141,0
6.458049235617383,14.479398828611123,11.298883661851821,0.5651121938679271,6,0,2,118.02616770313188,218.02545341995312,0.17266381849187176,1
5.689086775383418,12.261645927972701,12.856424706036227,0.5,5,0,1,170.0537735639812,119.42201555949205,0.0901331190850113,1
8.341527410513592,22.016350356722924,11.044628406834743,1.5063380900667314,3,0,3,108.6767084355382,268.36160639329313,0.39295144676344257,1
7.172122787594641,24.38940866550738,16.096179794746483,0.5,4,1,3,153.12922097300287,420.5864860103381,0.21401469281796423,1
12.901573263134122,9.101551202989182,22.645525795167995,6.635858390113632,4,0,3,136.08451434666668,379.8120906492572,0.03491607183587018,1
19.18417210708321,1.6032109607975715,20.965821399756905,18.07648066255352,1,0,0,0.0,0.0,0.9939761394339671,0
12.528367796110253,10.092813095275277,19.980389573901686,5.967000636772133,7,1,3,149.14341749496936,327.52331846489716,0.3402909840065819,1
12.902219515231003,4.664690335499773,15.875007944603176,12.287214085071291,1,0,1,11.489462263598238,11.489462263598238,0.9050972660549632,0
12.338475054178572,9.03254640095489,15.647722597104208,9.352880266592614,8,0,2,166.1799195693774,264.1792009656145,0.23532267031802268,1
13.423383215588471,3.56891227427663,16.12238555146499,11.551078583042958,1,0,0,0.0,0.0,0.5393276170880904,0
12.606694656478536,2.717764305569943,15.326110989372177,10.73398066873656,0,0,0,0.0,0.0,0.8383294820855809,0
10.000769119920598,4.393145576867191,11.487039999132495,7.776386386503462,1,0,0,0.0,0.0,0.587033240677329,0
11.6713018034448,5.670648694715588,18.230419282415333,5.096549689000657,9,1,2,110.47220272268922,179.77063548332296,0.18280008771267134,1
14.027460169550363,2.6993031855641836,15.486532615537186,12.800594638293884,2,1,0,0.0,0.0,0.8163690666802601,0
11.021588706883433,1.7284799675195972,11.56638185728771,8.296237022882547,1,0,0,0.0,0.0,0.5727577698854357,0
18.942228906115577,0.6955809707153093,19.244612715163235,18.174182310554592,2,0,1,11.30266367178418,11.30266367178418,0.8179904943261354,0
16.486863611760782,0.7626952145713067,18.215728692261223,14.666718472612214,1,0,1,16.80879263960846,16.80879263960846,0.9464117189534278,0
5.066778449736056,8.310410207345795,8.557345485689021,0.5,5,1,3,118.69131536173938,291.8741024393654,0.021904655528812534,1
12.437094831774148,5.092640460092057,17.105088205303304,8.048082670228489,6,0,2,99.85501834782198,168.6054168485882,0.36738188997572047,1
8.39416004292126,4.563747314395644,9.138839371192716,6.661264180646619,0,1,0,0.0,0.0,0.6174363394699799,0
15.587171455034365,0.06547228294166818,17.577783571084495,15.053063554425112,2,0,0,0.0,0.0,0.9163792107344404,0
10.213554457026273,1.4979795588323852,11.143365235832105,9.02160011065348,1,0,0,0.0,0.0,0.5230837842892043,0
2.4751456820252336,14.441338902199984,8.993874748126165,0.5,8,1,2,110.16838368858704,186.0361461755731,0.19880477952849962,1
9.235777751975785,1.6718140565524109,9.462287843387452,6.976039089733433,0,0,0,0.0,0.0,0.6452405026588579,0
4.029983765760475,19.31944457694795,11.301375301041686,1.8674078107395742,4,1,3,105.82618186590507,278.9095673088088,0.1357084983584764,1
18.649525790162038,2.7836079239168305,20.811965079093557,16.233580888088323,2,0,0,0.0,0.0,0.8981319187401949,0
10.6851067754184,9.09968590831642,15.030288617506507,3.3070918642916824,3,1,3,157.2192143200325,347.5329475885538,0.3505776303501176,1
16.447353621662113,4.55312001770152,18.321637434791867,15.439756050212608,2,0,0,0.0,0.0,0.5608381844937258,0
12.912939826294885,2.7602359042599014,14.221319413700835,12.029542547669132,2,0,1,2.2847585184079366,2.2847585184079366,0.7394659719799364,0
13.652785432325773,0.9105356941079162,15.107120533776811,12.11541246468001,2,0,0,0.0,0.0,0.5547326112599213,0
12.854093078390889,24.68804361407104,19.059614536812376,9.824017363301067,4,1,2,109.44925179826215,206.7532109356725,0.1992363014044023,1
7.2682251443599535,14.949297879597811,15.02984579741832,4.628752763587907,3,1,3,161.0835116343773,424.88543478677457,0.24020674417346136,1
10.104455343481394,4.572059729624799,11.360766918157614,8.955039758732902,1,1,1,19.17254354626441,19.17254354626441,0.510622552407378,0
12.022817031961221,6.364994107081832,20.719448957585456,7.39965665381776,9,0,3,172.39601955866485,423.57433684034885,0.38163477461585327,1
8.288814245121365,10.398224447843898,14.607556476386913,5.316730977771858,8,0,3,119.52642733753338,286.9613777246932,0.3083648814983288,1
2.976791162565514,19.563775124072066,8.940721692215101,0.5,6,1,3,41.66480161184356,87.58380660655556,0.3870797552828346,1
3.3402186981786834,11.291931136188218,11.799660712712774,0.5,8,0,1,57.76993932579295,49.8306329832463,0.34917833435056334,1
17.678733774337395,3.293916833553587,19.75556346789095,15.131146819641437,0,0,0,0.0,0.0,0.8159051268741548,0
10.70892703915051,5.8833087542020035,17.41503709490996,2.712806041755501,6,1,3,35.09189678786983,95.71940328692186,0.11893960294902031,1
19.65269894198441,4.721332445567169,21.075341591956803,17.06657098901647,2,0,0,0.0,0.0,0.7867279903754933,0
12.37636699348767,2.80338597001757,13.819552645019929,9.721371923917827,1,0,0,0.0,0.0,0.4392138044793654,0
9.013386800879385,20.814463296779273,13.563406824335944,3.2580385422573297,9,0,2,92.62591260418381,155.3490045091825,0.39613652533671084,1
4.411147824497392,12.679277798394516,13.871867099899415,1.9909695900125657,3,1,1,90.28963704138633,76.20108460364544,0.251002185287348,1
19.809001630391542,3.841367069322591,21.062301976893544,18.544930623560333,2,0,0,0.0,0.0,0.6803864599225915,0
13.086683681994717,19.31106630468484,19.799551957761878,9.423089807814076,9,1,3,87.64899707395224,237.6762562781757,0.08730155514602567,1
17.436140172986626,0.44705501156129757,18.68888250034141,14.798785250300131,2,0,0,0.0,0.0,0.9935109458880154,0
8.779836913794728,2.007901182127437,11.293314119644464,8.088129326379672,2,0,0,0.0,0.0,0.505916819203305,0
4.423697407875309,20.591689471335066,9.22469948120915,2.076641348494931,9,0,3,119.59111086455115,307.65152319964324,0.10409334718061092,1
13.894236090423519,4.9816788790336215,16.58654453456213,12.504093845776659,1,0,0,0.0,0.0,0.755763960905022,0
9.097842048773058,4.387304313151902,9.894642176539177,8.709297284924645,2,0,1,0.7084473683709014,0.7084473683709014,0.5974308192219226,0
16.822551854281432,1.406954802887634,17.580499136164086,16.807305434827356,2,1,0,0.0,0.0,0.4486277295445888,0
10.882363927574747,6.522617189806004,19.692019239964896,5.9114847654909015,6,0,2,115.69784128793611,207.93993595919795,0.2175115631989597,1
16.806919027444422,2.6063015609020743,19.411401439599064,16.07106243067842,0,0,0,0.0,0.0,0.9022079970182032,0
16.161689261123605,3.0930568910759213,18.41983917979653,15.685873945244385,2,0,0,0.0,0.0,0.927442888136879,0
12.659309926305301,9.57250323049847,21.928920400460242,10.652589257424644,6,0,3,58.969929688093956,128.30019209039085,0.13057343060131718,1
9.390126281363091,1.8834768099339938,9.417343495321266,6.934088019863566,0,0,0,0.0,0.0,0.7247599472056662,0
12.102465992464232,3.1631094656697405,14.898550308994285,11.794936808492194,2,0,0,0.0,0.0,0.9683787329538028,0
12.022795802917761,19.17144009205259,17.81138691039847,9.67527303956497,3,0,2,176.02334537660954,348.75975633647454,0.2998607326971699,1
11.857421547077294,5.49173832917603,14.034409959309272,7.915760232180046,6,0,2,30.154421976845008,45.09180600490459,0.18741576670743376,1
9.226323436324627,4.27104887230783,10.807395724960212,6.748561138924937,0,0,0,0.0,0.0,0.8082995812448279,0
11.279114323978511,4.754317811252052,11.732287999321212,9.982109920850705,2,0,0,0.0,0.0,0.9787122833621251,0
13.307585148570922,1.5597599524756522,14.269813369885304,11.134317130728572,2,0,0,0.0,0.0,0.791000095225531,0
13.236657247915282,14.464198133831143,22.982204671233056,10.123504153696555,9,0,3,98.0540451907924,252.71654922145316,0.00714475699132775,1
11.530015680121735,4.559180174799556,14.432549470963068,10.973639056091773,1,1,0,0.0,0.0,0.4751114753215303,0
13.163670738793552,1.0026236335016836,14.638454379017864,12.97104392756815,1,0,1,8.664934979433113,8.664934979433113,0.9906108444417424,0
8.039781756265532,18.609132527186503,13.204142427305282,0.5,8,0,1,159.01835957838068,148.516039195686,0.01584753013934286,1
3.3640923194362733,9.840900317250549,13.257393065573446,0.5091190620271941,6,0,1,113.94730252303711,80.09712027816002,0.13058452329759676,1
9.054397989738,1.7531346560459038,9.1540073161121,8.818662498272937,1,0,0,0.0,0.0,0.5205154539173765,0
17.8572887361184,0.20591747639635838,19.868445111181636,15.002638813052418,0,0,0,0.0,0.0,0.9617273477462139,0
9.036852358913915,19.18121038901833,18.0046053488826,2.752330766119348,8,1,3,102.6597671361061,276.64118650293244,0.2212005810367834,1
17.405990641026342,2.4045191572449243,17.52825295930376,16.91399219805785,1,0,1,4.942064680202929,4.942064680202929,0.495726808067913,0
10.630567848296533,4.879326279095657,11.641255223609853,10.084214101230435,2,0,0,0.0,0.0,0.4970035264880816,0
10.492419250085291,11.646292507102178,16.83224833584023,5.532758169382493,3,1,1,40.829761346876374,28.956293247737758,0.10307315540448547,1
13.287542570308947,19.54338139532616,21.229194739908795,8.734582563620496,5,1,2,160.05472441836727,279.64845401375845,0.1754461676758362,1
13.840027297096434,4.367116190408303,16.542132889130208,12.574864516476067,0,0,0,0.0,0.0,0.6154906177997389,0
8.055566491263232,21.71996127562419,11.94190324293691,1.3995652490506547,5,0,2,65.63149873858166,130.1365677675693,0.07239078108379592,1
13.907334277376417,1.2361553720158853,16.519583981193954,12.571418512368421,1,0,0,0.0,0.0,0.4571569047727758,0
11.745776680357364,1.9952297306855553,14.31973544212548,11.718685467968713,1,0,1,19.396420901570895,19.396420901570895,0.6722737248301835,0
2.9554577152901644,8.395158101750814,9.113649303738306,0.5,8,1,3,172.28750322771506,400.96039974066747,0.14370029916649824,1
9.871996049383476,12.134641060800034,16.14009145178104,3.1812540703133,7,1,3,160.2406920769888,366.1911775205074,0.04476784775909115,1
2.742129129161093,15.62339056002064,12.234974667520785,0.5060678851500353,3,1,1,43.28333763348621,31.639803284968984,0.2338682801770355,1
12.768547861572813,2.3994854079603662,14.826451069521765,12.716408491016374,0,0,0,0.0,0.0,0.6728439133803155,0
13.866158963083041,3.3343212877305217,14.28511272735198,13.776238193465007,0,0,0,0.0,0.0,0.839739351004805,0
4.4485380889528185,19.61658949741753,7.69784884729021,1.0411703289438465,9,1,1,155.71729344721655,153.12993629552656,0.2732992113158583,1
10.03201412261578,22.378099689574363,16.596892095726417,7.84969176443476,9,0,1,120.09143138193542,117.96132245574283,0.330735553484751,1
14.926222840540978,1.7428683362098525,15.404085176269394,13.111361072469355,0,0,0,0.0,0.0,0.9224520702023555,0
14.804195131840014,3.6922460462566327,17.439741815744057,13.591774166886916,0,0,0,0.0,0.0,0.9408253897530666,0
11.806348601184784,4.344503127702855,12.933365356829963,10.915740777503942,1,0,0,0.0,0.0,0.6198769209228387,0
11.041073686968208,12.771162025406914,16.63062266794845,7.615808901722243,5,1,2,118.05925615517265,177.21480990532064,0.25703038757887586,1
14.005343709568898,2.7118183248986916,16.85977938856687,11.463841625451176,2,0,0,0.0,0.0,0.6281173712715142,0
9.54224079995532,15.67205093453757,16.405481542302876,2.9529412307025495,8,0,3,108.18511987280016,307.26240927047314,0.17234483661521335,1
8.855363240661967,4.773300150166538,10.819442484956012,7.715139713850352,0,0,0,0.0,0.0,0.4608524970695299,0
5.338095380366603,10.697458039238457,9.796415099776896,0.5,6,1,2,137.42260113347902,214.87046117420124,0.1654196406101406,1
4.354941543950844,18.622357079299654,7.806448325515859,0.5,7,1,2,57.78426698211145,112.71696668962174,0.16981097007854476,1
12.604732365555652,12.470193660767752,18.8167259187859,9.930906299088337,3,0,1,162.63096950226117,124.96952898235567,0.08481793596329067,1
12.932341637680457,4.1993065143336015,15.632411007874492,11.872077499772303,0,0,0,0.0,0.0,0.8391748405513808,0
16.057096034367373,4.047649878842209,18.35706443996859,15.607984130496499,1,0,0,0.0,0.0,0.8421242469665093,0
10.600877601089309,0.47857277760080863,10.671793359228317,8.67496309975951,1,0,0,0.0,0.0,0.554130308587429,0
8.701455369302646,0.7088719676355093,9.525076131303022,6.910314618615571,2,0,0,0.0,0.0,0.8305586593949057,0
19.89507192442626,0.6419714472706262,20.20740087257876,17.722055473040037,1,0,0,0.0,0.0,0.55893726834204,0
15.14900873826748,2.005939570194913,16.249876975881882,14.118327313940368,1,0,1,1.352251271844298,1.352251271844298,0.880213904693417,0
9.020154889858638,22.601581751229165,16.22717384223619,3.8224081705506263,5,1,2,37.85083136797625,61.586552284437786,0.1451777087383968,1
13.356228214371706,1.667847747361002,15.09765323452173,13.0899260320484,2,0,0,0.0,0.0,0.5205602131954339,0
9.160117395760636,2.2518546812909257,11.428607382446375,8.11740282304369,1,0,1,7.6505256048801655,7.6505256048801655,0.4718974012105878,0
8.240316271109894,3.6859011250362155,10.546115685475419,7.509346122918294,2,0,0,0.0,0.0,0.45347465926961,0
9.532561803622817,4.130338151262642,11.878646066633975,7.406327710393889,0,0,0,0.0,0.0,0.6050047011381525,0
6.502182991657046,9.781106643945312,12.579976965670632,0.5,4,0,2,107.35191415447467,209.51177272596087,0.19878539316233212,1
18.21709949294115,1.042552571786679,21.008885136872898,17.86800029928472,2,0,1,10.649623851188522,10.649623851188522,0.8328532403972391,0
4.755772381729101,21.374700081485404,9.335996204500422,2.6184094318723794,4,1,2,176.34153012898724,314.69614031400096,0.3289922254537444,1
13.206188269544093,23.455143810267888,19.10268362009558,7.568670643038228,8,1,3,172.91962914019416,491.555290795341,0.2665227543340159,1
8.21704229962494,15.122151096935017,12.07745316654798,5.737249933469128,8,1,1,170.4673760825491,164.13136926412975,0.11110104949970445,1
8.003990073445873,0.08843904806628611,9.811649564974468,6.909595416012285,1,0,0,0.0,0.0,0.675880254261592,0
14.933262123206973,6.155611219927333,22.4935439540754,7.031188571626491,4,1,1,147.4044061116224,114.91886631040205,0.07110655514049928,1
15.416620091446232,3.1659481300673202,16.103303905986074,14.718683475758189,0,0,1,10.540829278233034,10.540829278233034,0.655650030334223,0
13.525854798126067,13.99569297642645,17.082834892692187,9.31929869286233,5,0,1,88.06181405034462,87.10605123557328,0.09943210308597683,1
7.441548081111159,20.806754717202963,14.098733919350938,1.3556991176816915,4,0,1,31.81811619658399,24.57505413901508,0.3903495019640215,1
19.5149197318524,2.4392702196318123,19.844128327884913,17.87104126493132,1,0,0,0.0,0.0,0.4895426667701057,0
13.24058509782543,9.869559368097345,20.45427028111318,6.376469529907833,7,0,2,147.75248157555853,285.93811014566984,0.38213387460157133,1
11.784882748976152,3.4406735304327105,13.097692121142327,11.020870882837999,2,1,1,15.623408475738385,15.623408475738385,0.8950793175572223,0
7.022535828028102,14.002488648395193,10.838253382951015,0.5,6,0,1,140.61506530822282,120.03838136996923,0.2720911116833413,1
3.1022962085954418,19.326467761253646,5.678970896584829,0.6747558420038904,3,0,1,88.13928472241543,73.91220107905748,0.39663536354810963,1
19.307784676078313,3.919213383838369,20.372308756848984,18.071391885289998,1,0,1,5.3009285665000805,5.3009285665000805,0.4125669766185477,0
14.582180452985396,10.908895549548404,22.735965635690462,8.834199039859813,5,1,1,68.31202270278293,53.16137175086208,0.027701722514343975,1
13.739063534911086,4.47907298685941,14.70571004524497,13.363362823612604,1,0,0,0.0,0.0,0.7494535949243479,0
17.741237457081652,3.2823930366575134,18.125524696180253,16.72643493909816,2,0,0,0.0,0.0,0.6255957339647868,0
12.663833583558164,0.8184190073265074,13.485207506100483,9.878880985012433,2,0,0,0.0,0.0,0.7874864875931236,0
12.607310206592024,22.22739992726872,21.379424916114246,5.093751004754697,4,0,1,176.75959182008938,163.40674304524526,0.22312529020442798,1
2.7001566909743397,11.401196650419669,10.725655378281562,0.5,6,0,2,49.759316018184286,91.33760068374478,0.32711413194277805,1
8.576085008373777,21.814060560224,16.438497366503782,3.322661775422688,7,0,3,45.88960688377394,102.62808744592637,0.03750276825822266,1
18.525661298136846,2.169002561273859,19.008205820010083,16.851534322689947,2,0,0,0.0,0.0,0.995085970809618,0
7.219426106196748,21.00141937398319,10.851711183227938,1.8889164103830307,8,0,3,133.18261648198728,324.6637809531826,0.21547826693721564,1
18.176573493569265,4.199819901410913,20.674614901610394,18.143478650781866,2,0,1,6.538632326761582,6.538632326761582,0.48933283019946683,0
13.396459903766607,24.926686752544946,18.342936147821394,8.70479611803935,8,0,3,50.67343487388531,136.65296748549463,0.0007519534099642566,1
2.3779279444713985,8.337702357097418,5.82848218387544,0.5,5,0,1,126.34882888578412,90.90243293363585,0.23199351497125253,1
14.727921132994052,3.017438332982274,16.757324944673137,12.312954133951742,0,0,0,0.0,0.0,0.7818943906294924,0
11.040403428264693,19.91850417627349,20.896156951833856,7.7813514591262365,8,0,1,52.11787900594259,41.61392837113098,0.17360774646955013,1
4.867955385245747,16.964505881274775,12.753260299159265,0.5,9,0,1,125.63298967053446,106.64355263242288,0.07130098676185663,1
19.893517181855643,3.7360979387101882,22.113476341912477,17.042578923063868,0,0,0,0.0,0.0,0.6007067732451593,0
2.314492930587618,21.63394087351547,6.499059410370117,0.5,5,0,2,157.90920298135669,242.44191516265593,0.1507656658945488,1
8.251778009789906,13.703607985107135,17.75060436351682,2.015663963805758,7,1,3,104.46917285329496,260.4589513982491,0.2918032914609587,1
9.906898012032244,3.0511257473882063,10.3129602588653,7.652772753945106,1,0,0,0.0,0.0,0.5696474137472572,0
2.471739093975528,10.514397061911044,6.6766378034070915,0.5,9,1,3,97.460976367581,272.7971226841937,0.0261464630257541,1
2.436976802382674,6.25306406910709,11.68847642913796,0.5,6,1,3,42.96369161438197,99.37956763014306,0.29297949273523594,1
9.535858502403038,4.410678071410301,10.716202042093812,7.05225337643652,2,0,0,0.0,0.0,0.988778254298348,0
10.504269819162968,8.961952655194803,17.026911855735847,5.72067489903295,9,0,1,57.45231663520907,40.596412946602285,0.28800321586524524,1
3.154923186138337,18.675082111540853,9.515767412223934,0.5,4,1,3,40.15025428500024,109.89331722956126,0.21741528693705844,1
7.957908339872534,14.693925742600939,11.284104661178741,0.5,8,0,2,159.29803626064083,266.99901782145196,0.2997134850783106,1
12.230611753929661,7.2387185404306065,17.078398744288485,4.36224084608849,8,1,3,160.82035500337147,416.583094541967,0.30337000714764445,1
8.215348142821902,0.6312689139630673,10.194236242006129,7.730488708964288,0,0,1,19.699793122817503,19.699793122817503,0.8632074857859942,0
2.8476596863863968,14.278627536246656,12.121421333278878,0.5,6,1,3,153.31547409003383,374.45434201299156,0.310244740370131,1
10.445197509532269,2.6166481559737065,11.306611383785995,8.06663425243075,1,0,0,0.0,0.0,0.7856047946034541,0
13.660453095505947,15.40381046503109,19.241276618067683,8.313531943930737,4,0,1,165.92148821486495,129.92836314213557,0.39340858908608883,1
4.626203689232369,8.684496784760523,13.778121369295333,0.5,4,1,2,175.16338156550833,335.28449592266804,0.04705759526373008,1
11.836001989286537,4.942079947060383,13.292078938766199,11.468700294209714,2,0,1,17.63855516609288,17.63855516609288,0.6564938127523692,0
2.1638977596848674,16.19511367276765,8.383094736666278,0.5,9,1,1,176.01860849642597,141.00008487434692,0.11859591251332612,1
9.328981343827497,3.797912050573159,12.293178043785819,6.625093311503551,1,0,1,9.884248945005998,9.884248945005998,0.896949551462331,0
4.258900710764669,19.240280406615614,12.866726412429324,1.655075839623469,4,1,1,140.95069510901453,106.75297323188066,0.24551096752627963,1
9.50424649999197,19.761382466770343,17.953813548022296,2.441822541551624,4,1,1,131.4266343113151,104.81684198270517,0.274530878674439,1
4.273458683287473,22.114745178115726,8.090895139475592,0.5,4,0,2,106.89821297175794,169.23979760450834,0.08505775054843845,1
5.95130321612941,18.063255810625662,15.457741763717273,0.5,8,0,1,164.82710822703712,147.5582651046912,0.34969068965534067,1
4.198053914627902,12.795187748529841,9.23407714162565,0.8376716170868379,5,1,3,176.5200492765989,388.28206761176364,0.16901937132477785,1
11.618753569970094,23.361531043983014,15.85905220637401,4.468703509175369,5,0,2,134.89730626893055,256.80083802233474,0.39271947730425105,1
14.710217681951917,3.1411905523164068,16.30824534223658,12.80495036422276,1,0,0,0.0,0.0,0.7244190859869462,0
5.144619767364906,5.248080725546296,10.894763491080953,1.337028202804904,7,1,3,139.5369220635219,368.22781625850416,0.025796508499667015,1
18.527141153914155,1.6520400193788691,19.54835868396285,15.560056078863633,1,0,0,0.0,0.0,0.8767469672201141,0
9.576488856085366,24.908750323826197,18.422057606785682,4.447814721823828,3,0,3,103.25619434744081,285.38041722873595,0.21009590300806408,1
13.291169582163754,6.293737870302632,22.93776545192977,11.140317832500116,7,1,2,95.18939412880677,177.46423311486737,0.24076937240605265,1
13.320560172550252,3.03544789359377,15.214482831826217,11.545468685631276,2,0,0,0.0,0.0,0.47901606308322314,0
12.22775435700768,24.41532412949566,16.329159497796894,8.59834176850144,6,0,3,91.04578644513958,264.24510074510385,0.001168413048544803,1
9.85293180192585,23.14760329425694,13.763785085141272,5.035081153841596,6,1,3,59.414656910758936,157.43113904639992,0.11227328620638972,1
8.715444169797728,5.110115983208416,10.77675643099153,5.4010313151865805,3,1,2,99.4277932523776,165.3606590562348,0.08740393374165212,1
2.5770410382211075,10.556441455634689,11.110498441826852,0.5,8,0,3,106.11179080767133,306.32354658898265,0.1974186321360475,1
19.913802067988843,0.6574455994899081,20.7379966445474,18.730073841195903,1,0,1,13.418860094850158,13.418860094850158,0.5549039525147015,0
11.56073169324908,3.592146149093676,14.4228310760042,9.396551339930216,2,1,0,0.0,0.0,0.5545643322002332,0
9.849340888342041,18.731798269852135,12.765241992869282,5.546307590072164,6,1,3,119.44822782905526,309.9233928963607,0.3601285072297086,1
6.174054262131651,19.997015288729326,11.475456870798824,0.5,7,0,1,31.519677604161508,28.078637015346214,0.3653147790304947,1
18.48438312159614,3.619865277330469,18.84605837080721,15.777023199738613,0,0,1,16.40025258238712,16.40025258238712,0.8169294242055756,0
13.3862368600965,0.4219619027227117,14.584343105280572,10.655832949750096,2,0,0,0.0,0.0,0.8375040925296688,0
18.147252355878884,3.4624641333461263,19.43704558804933,16.128352488695587,0,0,0,0.0,0.0,0.7541713257718958,0
6.995115061785957,14.002467223638643,13.629245892350172,0.5,3,0,2,85.5078502011383,121.11778133616009,0.1571896901381165,1
14.14017663897814,0.8281417351413267,16.077398169264978,14.005841287464136,2,0,0,0.0,0.0,0.4152686559434505,0
15.642827809456918,1.7030208329064584,15.85796347599987,14.413941124771222,0,0,0,0.0,0.0,0.7186512069311457,0
14.962658225420352,2.7984422241896993,15.278435781011389,14.460579026004469,2,0,1,10.109102358208998,10.109102358208998,0.9784104442706214,0
2.506948163473851,5.61911581838687,7.610842243048807,0.5,3,0,3,103.17767957886096,228.7493527060961,0.3341920945529311,1
6.8724463811633525,14.480128569663117,12.425468086489365,0.5,6,1,3,174.17032281113896,426.8102465312156,0.15420476189476895,1
9.038298895518608,8.082900863569742,15.467990778382697,3.7880700210585836,8,0,3,83.42784706763912,237.2799327104517,0.28360548971481275,1
8.596802759556649,18.54774643037434,12.47710047798725,1.6126716964361876,6,1,3,50.87950520185433,127.18041454654004,0.25049372856842556,1
7.223124408506215,24.876967777993965,16.26564250569763,1.4826886595495745,6,0,1,139.6227043067713,103.9344770696648,0.3410231127606214,1
18.883313706018008,0.6618618951748623,20.662357207099802,17.085951950897034,1,0,0,0.0,0.0,0.4783914062940778,0
9.49784976760218,3.971053312747027,10.325152472356251,6.8665780245476125,2,0,0,0.0,0.0,0.7077414496883185,0
11.810075880781694,14.838622002114581,16.229655707096732,6.861566815610353,6,0,3,87.98107602345418,225.24456842718362,0.1969301920004728,1
18.386925747494626,4.903696717917147,19.609678373216077,15.904368981175717,2,0,0,0.0,0.0,0.6858900302669757,0
8.71365882640737,0.015839242903508688,10.634253761086242,7.81835408932174,0,0,0,0.0,0.0,0.6689914332216533,0
15.519110133118524,4.6319130336504335,15.576458416407815,14.088579728165072,2,0,0,0.0,0.0,0.7163357085038802,0
15.733643325452404,4.098989024923638,16.733865291929735,13.534489755872423,1,0,0,0.0,0.0,0.998692513409187,0
17.941631593389403,1.4730969817309658,17.984577426390583,15.728023037704812,2,0,0,0.0,0.0,0.4033994887177404,0
17.863119631279154,4.0459158556951555,20.516392457785088,15.763016812962842,0,0,0,0.0,0.0,0.44658960080296306,0
7.292384358633159,6.320196882804831,12.082948630388994,4.62639576588527,8,0,2,30.91331223597586,45.15089322979372,0.34757770091165807,1
9.355179712232136,4.210372186992896,10.081873365705837,7.920400059646465,0,0,1,5.9058098809588655,5.9058098809588655,0.5394305938336287,0
12.4452756628595,23.58456107263708,17.686097219080033,5.008609650064517,5,1,1,112.34706741624628,86.03338316623912,0.013467671285549088,1
7.4095785649242,20.19222857399593,10.912321385226392,1.0908298447960831,9,1,2,40.76637093397696,73.76961541535603,0.09677267212621184,1
17.87041753261036,4.019792537762601,19.52792043483403,16.30990785567811,0,0,0,0.0,0.0,0.6408673785479162,0
13.465898206381267,21.475561802023304,21.239670628118702,9.836615921913813,5,1,1,106.66937088558447,76.16785870213764,0.11046782312835979,1
8.75227545946239,4.196692461780012,8.76373522743814,8.011803851856683,2,0,0,0.0,0.0,0.8960287959586111,0
9.344796649778296,22.33095963498174,15.919269958635525,1.9015977204145624,9,1,2,86.59770809447892,171.3289801071092,0.03571580981022917,1
13.925768485483143,1.9382440272782353,15.823904121728946,11.81419721058015,0,0,0,0.0,0.0,0.9253067359315696,0
5.619712307255649,7.592013023908839,13.028578158570937,0.5,4,1,3,126.62238322138738,271.3982897193705,0.14402018636039135,1
14.004813748522414,2.163645680098523,15.377912564000296,13.378165576506923,1,0,1,17.17913370841259,17.17913370841259,0.5116138000033994,0
12.989570008249402,3.598269083052652,14.103054852606627,10.38028047820427,2,0,1,13.556264006200884,13.556264006200884,0.7646512733516335,0
3.775811747465244,18.032795209545533,11.68459141252389,0.5,7,1,2,59.88229123410797,115.8200761570501,0.1149638385862319,1
2.755195377044547,7.230244246425528,8.882090598743172,0.5,8,1,1,166.66030541510753,158.5738820428129,0.2837531868349564,1
8.377061858135274,3.68100212530381,9.36779019614449,5.658864201076178,0,0,0,0.0,0.0,0.978099544532553,0
16.13050720950744,1.559319289584416,18.452481343965726,13.811742763879094,1,0,0,0.0,0.0,0.7452132419509336,0
6.973544206418261,12.354673016102197,10.427457732093965,2.360498453585117,5,1,3,107.69407915688684,259.8966171578085,0.14869571796253211,1
5.8974068583480665,17.929174832758612,15.690962408878924,0.5,3,0,1,120.92198474002195,95.20711140436273,0.08283796727062849,1
13.69291776309932,19.202708635961315,23.191945268413885,8.073166928809663,6,1,2,117.33131396523467,233.97334590214666,0.09566351111289723,1
15.81148802141687,3.222955873711718,17.49536865026208,13.480703990435195,0,0,0,0.0,0.0,0.48448176933560566,0
17.37586226896766,2.891491997101803,17.81675039773229,14.942490959167246,1,0,1,12.856378296003486,12.856378296003486,0.8859161124163517,0
12.048081692204281,3.624905849620262,13.66452071932314,11.866194914004877,2,0,0,0.0,0.0,0.40470495446315013,0
13.37208110492502,0.6713742545113777,16.24588346809533,11.78310193308816,0,0,0,0.0,0.0,0.9773861217926706,0
19.143923444178597,3.8042717225724783,20.784502367103975,18.602999637910262,1,0,0,0.0,0.0,0.6673249832451346,0
2.6497273725758235,21.872993281036475,12.499267605888749,0.5,8,1,2,46.33399709715586,82.56362382255666,0.1992944001997092,1
14.38926027532569,15.450794334641065,18.142200111085195,9.635479399061897,9,1,2,123.35148969258691,245.30993426040902,0.07604305991349106,1
18.89478552535543,4.718507964101104,21.775192338571774,17.330406609191016,2,0,0,0.0,0.0,0.9125331438045208,0
11.719999246061471,1.1601991445055297,13.094703197239973,9.375952724218251,2,0,0,0.0,0.0,0.6993373987215652,0
2.1175000980307983,12.140586879400244,11.527052645485053,0.5,7,1,2,107.20254256821585,202.07306892500546,0.10152843126267795,1
7.235937180009274,22.89285595155269,9.239479431506936,0.5,4,0,2,178.9882523134446,255.40671018863353,0.3044031693981568,1
7.101956420983241,20.085299466940455,16.44936787814651,0.5,7,1,2,178.86634340621686,291.8730087734683,0.22953650164180536,1
13.014531680384172,23.044728069244762,22.03337657802625,5.168298248308626,3,0,1,35.839494498850115,25.474915021198274,0.07008870884233094,1
11.389744927724319,4.752295852876479,13.1346118066919,10.079902358418021,1,0,0,0.0,0.0,0.9037957934252742,0
7.5913373948874,23.075151435502843,16.358133798567142,3.1856868200491206,8,0,3,111.6758653573842,255.06932899421454,0.10212363060157266,1
9.719432250525003,5.656192482572169,16.80777200076475,5.533306819955611,5,0,1,91.41181077255274,86.2254313627705,0.33433037116420644,1
11.017034747159338,20.42245631703773,18.254240242086972,8.107464298358742,9,0,3,169.65149563279496,416.09431008510296,0.21868020822270734,1
15.08517307787232,0.30665477821641307,16.171701842268504,12.915788256224657,0,0,0,0.0,0.0,0.5823655073530164,0
2.0191596871220483,19.58689588175993,11.75392368551633,0.5,7,0,1,143.86034088875635,127.01275616812525,0.35841631986288763,1
11.033763273070406,1.3571928881710011,11.409832700447563,10.022869095918036,2,0,1,15.084965193641615,15.084965193641615,0.6359171206167533,0
15.932171050967844,0.39227908158561975,17.56566192827944,13.804208565550015,0,0,0,0.0,0.0,0.561308045471706,0
13.782409751295399,1.808551274297903,16.630035631906935,11.885931253736027,0,0,0,0.0,0.0,0.7083126785240607,0
12.431369242586493,4.66462431284836,14.913888202206156,10.339741096857583,2,0,0,0.0,0.0,0.4732182965931092,0
13.056130991890889,11.892081688951192,15.30299422635547,10.744759194780425,3,1,1,158.48058356218903,144.2729511458454,0.29082270464615606,1
19.36508800530223,2.4812937644118076,20.506641134911913,18.875981994507455,2,0,0,0.0,0.0,0.4096371189886037,0
9.492593974895891,3.987736802685997,11.340329721926055,6.962759702086684,0,0,0,0.0,0.0,0.8902768852093511,0
19.604423303073755,0.2583436082898055,21.11881009798734,17.449061461106105,2,0,1,14.288215272531966,14.288215272531966,0.9714802700127081,0
13.431433262294865,21.175799691270768,20.848652561956253,7.68125814578363,5,0,1,149.50220957870584,115.88519799449837,0.24994963984279958,1
17.993964521459255,4.530435302406302,18.030434835891416,15.971904764282876,0,0,0,0.0,0.0,0.6344092665915635,0
7.351520985937132,23.69988863677531,12.795842661994651,0.5,7,1,1,72.8637486889059,60.46452922903493,0.27417755328876064,1
2.735613529907303,12.478420940256271,12.29120219146173,0.5,7,0,2,147.1493840422487,275.3402308124504,0.24044107824973132,1
11.903046871094624,4.706362241209258,14.647240215964136,11.86860489184649,1,0,0,0.0,0.0,0.9824059272458465,0
7.246813030700686,19.75769969669212,14.883248454920249,2.710441209337093,5,1,3,120.8224003821607,309.92286164747077,0.2960645475045853,1
14.59527522236908,3.448894246240606,15.027100963085774,12.809196238593268,0,0,1,5.945815806146673,5.945815806146673,0.45524019164948526,0
15.483785339483193,3.2425241005934407,16.285991423055815,15.438453286839767,2,0,0,0.0,0.0,0.6704118849633478,0
15.002683607897822,2.6287810977956743,15.751256708412567,14.99662805465312,0,0,0,0.0,0.0,0.49289716755863194,0
16.83842274001751,4.4149691241488656,17.44632064242354,15.075665126689305,2,0,1,12.549731435685587,12.549731435685587,0.6313681077193889,0
14.503880898677192,4.698257556467541,15.165331979097104,12.326703167584881,1,0,0,0.0,0.0,0.9862041726633661,0
2.108159248953496,13.671655852652286,4.849163113364433,0.5,9,1,3,152.5878467050232,390.8467128848604,0.17535399201230453,1
10.750063414569945,2.734379829380223,12.762089990716923,8.647460506985649,0,0,0,0.0,0.0,0.9264820279926892,0
8.164946648136143,1.2418813018490011,8.808166097115636,7.352527664025224,0,0,0,0.0,0.0,0.6548629182550317,0
9.762245012427357,16.896064293555792,14.739848147029111,5.764035781594966,9,1,3,72.4957143637396,203.57467563078478,0.15897926275963667,1
11.040286040715937,4.938297961706259,11.914773263487106,8.728058447999283,1,0,0,0.0,0.0,0.7229991659534281,0
6.789835958915526,22.906921783063385,14.121540339130211,0.5,6,0,3,125.69313940271081,358.2604931505551,0.19977270794673416,1
9.732651585604007,3.919936793446777,10.990820420604923,8.232411230789259,2,0,0,0.0,0.0,0.5806276467005879,0
8.674112928169269,2.4554786469158256,11.455444814744551,8.357933273845854,2,0,0,0.0,0.0,0.6452663567374792,0
9.342567398589486,2.582121941093055,11.702134545762027,6.514973476029136,2,0,0,0.0,0.0,0.8110805859246905,0
5.759436801847348,11.196137506449379,9.759092373028317,0.6694028435890091,6,1,3,41.49537097128732,119.72959075426056,0.33124673160253715,1
12.521217177708412,20.72715466122963,19.578949959740005,8.280096116310286,4,1,1,45.38519438753847,37.11688440887763,0.22134847589990875,1
10.326356815242711,4.294083855840773,12.357179164233223,7.812631690687301,2,0,0,0.0,0.0,0.40795062010234634,0
7.969460038523303,13.221872177608795,15.744893858648739,3.6606383351966842,6,1,3,30.29882028286054,83.22678885437152,0.2929604196233517,1
9.936353612664604,0.41777168755344873,9.993740511976466,9.439109081768942,2,0,0,0.0,0.0,0.7807835538924284,0
9.420980470111182,1.0594716522005454,10.353987954309224,8.920187257658677,0,0,0,0.0,0.0,0.5317323539378812,0
15.39560583110869,2.7843922158604792,16.642931141678655,14.108772830818257,1,0,0,0.0,0.0,0.8521567784474517,0
6.258178147341721,15.933705101985776,12.861453245630909,4.125329294505944,9,0,1,47.580585852035014,38.11975602199761,0.05713678592573275,1
10.475025366033831,1.95929686594013,13.162049698890167,9.86207621583692,1,0,0,0.0,0.0,0.7668019613299881,0
16.078957272254378,2.0405952841296155,18.735816564979697,15.41325588990126,2,0,0,0.0,0.0,0.8340661974129472,0
18.033412438486984,4.106941814503472,20.563390941850635,16.578128458548363,1,0,0,0.0,0.0,0.7063370772456028,0
12.854823876848208,2.4217221314575434,12.894926926626395,11.62560616751939,1,1,1,4.069454849951917,4.069454849951917,0.44018416721516296,0
12.672859267746503,2.708804821337816,15.57705670389878,12.473165084003835,1,0,0,0.0,0.0,0.7080209261349493,0
10.778581231580585,4.712729698384527,10.907093896937925,9.439420560791,0,0,1,1.3742735544792195,1.3742735544792195,0.6217445196560639,0
11.395590779104461,18.134589694432158,19.065716020937696,9.34540868784332,4,0,1,85.98617345688507,76.49300790841993,0.03814864090922346,1
2.6325496276022733,16.62030186750219,8.04111744861105,0.5,6,1,2,143.7752821374586,202.5473042208326,0.08289691990755133,1
12.63944207160601,3.312419734708041,13.680330050809687,11.467176614617099,0,0,0,0.0,0.0,0.7582931835941811,0
18.669535087280117,2.8940337725597027,20.56670906026528,18.200104939269316,1,0,0,0.0,0.0,0.6317271956902184,0
10.224473348990138,2.99885657485249,12.809014470670819,7.618554429519861,2,0,1,1.5394333876174815,1.5394333876174815,0.8176936870827551,0
12.683802305609671,18.190215372815402,21.053733909940618,9.052126069098978,7,1,2,142.2349246997844,218.33418316657543,0.2114897676393743,1
13.557376566050138,1.392287731867865,15.521503792119034,11.08607437865277,0,0,0,0.0,0.0,0.8668151458867919,0
10.252668868307024,0.44192473492259354,12.349515353769181,9.147627226923971,1,1,0,0.0,0.0,0.5584026099756796,0
13.550033428997969,21.486537837585384,20.590352456837827,6.401311063491347,8,1,2,163.21772834010537,260.3607371437591,0.3603843582761872,1
17.904987969487376,4.2243567387761445,18.652014177814646,16.174880772914108,0,0,1,18.061874557530764,18.061874557530764,0.9601426500745889,0
16.091106104077987,0.02859290680394644,17.48858336374736,14.377619208210904,0,0,0,0.0,0.0,0.4134555334972331,0
12.188597263978073,16.323613824501418,16.690821177660904,6.262545231021755,4,1,2,167.49049524636166,305.4515956903159,0.12358239602726107,1
8.651264332636003,5.106923217087289,18.158574283501157,4.16237361630232,5,1,1,125.74833596877399,115.67603080634785,0.2704501590353161,1
9.524922184462703,16.389689683445077,18.47220848799376,5.250156234208821,5,0,3,61.74538478547918,184.9933714138682,0.3924471631471743,1
17.65296871612968,3.5755008064185,19.432443373248084,17.49292472516299,1,0,0,0.0,0.0,0.9181848527779696,0
14.025613279459188,17.63287030165783,16.460739267637678,8.160072937554318,9,1,2,53.43098530299329,95.19073037794585,0.2397208464557751,1
11.166808892417324,14.103439834673129,18.508893625242546,4.14260641379642,4,1,1,121.45461377289239,110.5105657536309,0.33526198999545703,1
19.531041763145897,2.679675394260591,20.996528661125613,18.325380163473707,0,0,0,0.0,0.0,0.7855465661941805,0
11.627341402373629,6.898168825346924,18.38000364693133,5.411500167224256,3,1,1,121.02704333102086,116.70539776981775,0.3531659266074889,1
10.534781977675172,4.3149841567943605,13.193062283614797,9.944821222816296,2,0,0,0.0,0.0,0.4751323357100989,0
4.810951118661136,18.824236187730808,11.635267559087403,0.5,9,0,2,80.29185751174435,115.63712989647244,0.39013725339162825,1
18.230569054951644,4.689826157169471,18.485879513311,17.073776277411643,0,0,0,0.0,0.0,0.684970579158249,0
14.250984902029598,6.496424103899461,19.758638624034223,9.071697335498442,9,1,3,149.743979581378,358.4314611582421,0.11975334948213932,1
3.6858267169150594,10.12926122033532,8.528384704706161,0.5,3,1,2,164.73570959298527,307.4103423107353,0.030591982199725233,1
11.256391562468126,0.4929146351120617,13.744334264845405,9.136364961435026,1,0,1,11.6139816910857,11.6139816910857,0.7033052562339184,0
10.11198031187677,10.472808357215433,16.01465486022887,7.618346366214399,6,1,1,137.27796821703618,107.70495977542112,0.14552385645637342,1
6.5118107904921345,15.944750408412862,16.44599383832613,0.526600512061421,4,1,3,156.01621176587997,466.5674201709183,0.3558077244175053,1
4.537164723842455,14.787850748131774,12.470296338530794,0.5,6,0,3,47.55175872869193,134.08388728172227,0.04929303028652994,1
12.993744411687281,2.5692536728829896,15.703638454814413,10.324093232266822,2,0,0,0.0,0.0,0.7475886799971627,0
10.381688231498641,9.596534515952369,16.802986373712628,6.148648700017258,7,1,2,158.20551751397963,237.17876475439152,0.3417043155989343,1
7.285238189505355,23.063815576688583,14.116046049827577,1.8255541467270486,6,1,2,86.18223650693719,161.9053414631661,0.1469562914788282,1
9.238203842066444,21.902417029920695,17.605614939214462,6.187465001284324,7,1,2,108.01110916667255,185.04158653649904,0.23557322997822566,1
15.481733966231557,3.001407302640185,15.642277354970687,14.352143102863662,0,0,0,0.0,0.0,0.6107316324092685,0
8.319696307794013,23.414793006852708,10.640169260199569,4.570930826831249,4,1,3,118.49218242027132,249.519853111702,0.30900651443176164,1
15.383043839388968,3.8021215584123587,16.921810333713264,13.270794025424951,2,0,0,0.0,0.0,0.8965318313644282,0
2.3960279220164815,9.08896744928546,7.119320370930559,0.5,7,0,2,146.03291127973307,215.25842397088564,0.25052894066247805,1
13.088765939297689,23.567670112726148,23.05995228873013,6.312721524733989,8,1,3,99.85238126434193,279.1915459763105,0.36598634603118746,1
13.990777300711338,18.91249304708116,20.876943146191646,10.7917296730197,3,0,3,145.91571294976188,337.53806271728,0.27095725195554915,1
19.149736606540248,1.93661258987657,19.34823217304357,19.092270149886488,2,0,0,0.0,0.0,0.5696806784022999,0
5.8027135311912765,11.644111418946432,10.152920780586403,3.5537185280927996,7,0,2,131.77499524389566,209.59205948614044,0.33924369400625204,1
18.61826141235205,3.695334879696863,19.450655451526913,17.773413286035158,2,1,1,10.860428617335282,10.860428617335282,0.6081315858186314,0
12.32825063209558,10.562583109732248,15.466292550310104,8.449271421116919,8,1,1,170.32267702912435,128.71624013141692,0.14900357262138636,1
8.74170152827067,0.4618026405568926,9.230074495889358,6.956063025890046,0,0,0,0.0,0.0,0.9479396082528738,0
2.0653451839274406,6.2019282075634035,11.303475917368385,0.5,4,1,1,47.21953908769201,46.391302379241786,0.31368246974610675,1
13.244513866497625,9.989164085864646,20.981478414275173,6.107718872415164,5,0,3,74.82857028885462,164.34983965592622,0.1760232186037595,1
19.28264966685542,3.0189849596454805,21.872056280062637,16.815165718984737,0,0,1,5.75890685351985,5.75890685351985,0.6956917507196947,0
9.749065418097977,13.676878457104884,13.064309650729008,7.049566970763797,6,0,3,32.27653234302404,84.67023313214544,0.042341294351163544,1
14.277716248365984,3.4984495452935422,15.510287523887474,12.595976821362838,2,0,0,0.0,0.0,0.8805884202420189,0
9.499145954725103,14.279633963337748,12.448818718797995,1.6157365923607614,4,1,2,140.8300015699549,199.90340853259292,0.26348705549080886,1
9.23918010650058,0.8626193847318103,10.943102998448822,8.350107265960714,2,0,0,0.0,0.0,0.876142392723281,0
12.166660000428857,9.80141480975133,15.32113360620168,9.472452091347044,3,0,2,63.97824390541586,113.13798667283737,0.10114324730004448,1
12.310504963792283,4.117761133059095,14.772593446092621,10.878453769425079,1,0,0,0.0,0.0,0.43107153323969016,0
9.872429736079724,4.17295476297636,10.947433706094746,7.133752401869998,1,0,1,16.168114777873818,16.168114777873818,0.8941741664493841,0
7.968612302726852,11.065717816985659,17.42905133008135,5.25674970827737,9,0,1,120.25232460274441,117.98348593170599,0.12472085478230746,1
10.50408200571928,17.384780641071632,15.160960272184276,2.9354709926605604,8,1,3,106.84505203306209,298.7617255841,0.017616151755385757,1
15.778830768585163,1.157400479564941,17.82288980830921,12.958281194828915,0,0,0,0.0,0.0,0.6240747670796232,0
3.376366136770681,12.09795366973108,8.681746274432438,0.5,7,1,3,73.20080188860618,190.37297458595063,0.011662074408835599,1
9.875404514597314,1.1004433843569328,11.430233043940252,7.745060215585475,0,0,0,0.0,0.0,0.8388918158218694,0
10.645352050945027,4.430908860646726,13.448264393447499,7.896090417348828,1,0,0,0.0,0.0,0.45482446291624556,0
2.5596812353036915,20.619277272888706,7.745503586967785,0.5,9,0,2,111.04447976854608,211.73956354785452,0.17252068253640584,1
13.895789522723891,10.023385350968026,22.649488125013036,8.991666087667467,6,1,2,78.78167944143169,112.15057746078755,0.10879944213774242,1
14.718612231739137,24.31494419639495,19.879854611517576,8.34838710570126,5,0,2,96.0860292018461,142.15378101791222,0.15290090079098337,1
13.452837853759434,3.900946342414975,16.44570632051359,12.879441588412742,1,0,0,0.0,0.0,0.9631178700838783,0
10.095794242117934,9.453521582461699,14.553525578288102,4.817042991749188,5,1,1,114.81299514116135,95.60198914137524,0.31888442903150516,1
16.284868662932865,1.7027241773994843,18.69975985413063,16.12769477614828,0,0,0,0.0,0.0,0.5402876998558385,0
12.854313674027248,24.49381192097103,15.937989968384773,9.465462391435459,9,0,2,169.0374519496662,258.32622633198906,0.168001629632562,1
13.153416181895743,19.623146889098344,22.72746446328537,6.463723306717348,5,1,2,118.252833147473,193.77035162964373,0.3895201653428598,1
11.302870172444099,3.5471943231698737,12.117346180072232,8.590140298221403,1,0,1,1.8639223912538938,1.8639223912538938,0.6462974764363327,0
4.883165716500142,11.351091597390035,8.958272922445712,2.3576179320644632,3,1,2,80.61814184463435,154.98136982522016,0.03340996587200751,1
11.782088388624427,6.025876979624312,17.72237143433874,7.129446180546107,5,1,2,112.91435520503747,172.73077065881085,0.0834353470964203,1
13.840434722607572,15.948296807594517,21.711677738622527,9.761082163708286,5,1,2,38.50206482487531,54.70387317828487,0.1567642251775636,1
10.32122411547779,3.2075224062812584,11.100708529298688,7.662965789037241,2,0,0,0.0,0.0,0.46668228839920745,0
18.501416534696563,3.9526025513583676,18.924739316760615,16.864670169320362,0,1,0,0.0,0.0,0.8427705684385554,0
10.726520727978723,10.412878839635313,13.376357806432104,2.7710299550521427,4,0,3,55.35926676595744,133.7825606880337,0.3046703504854651,1
15.654822494635539,4.9258727754533735,17.95883880057517,14.351738000211885,1,0,1,11.28463633369072,11.28463633369072,0.9103447168090696,0
14.147629503794738,18.78175307496459,22.73381520523498,8.810485348014668,8,1,2,68.03761754945538,114.47805655943225,0.19689292607296333,1
10.477209804461458,20.61838712772181,18.80891813157761,4.862390820240727,6,1,3,176.87273326509234,478.6980948023126,0.33875488977158114,1
10.794288743767858,16.884836546171943,17.619489704751434,4.699093986541529,7,1,2,51.509305501633875,72.68126215013729,0.1856266757618019,1
11.885834898829177,3.3057033921434824,13.8425409582265,11.132594587833674,1,0,0,0.0,0.0,0.9096678437354413,0
11.543966367541401,11.826372919001042,17.37219332689758,3.9708090684680073,5,1,1,123.40984234392499,116.25543676784302,0.33680626460269764,1
12.106921073371012,18.456942669770896,19.90095729336408,7.151327042040128,7,0,2,37.56251604033138,72.65456765697523,0.23075248052448338,1
14.003342422493123,0.34697042952091695,14.272972977701604,12.200606405515865,1,0,1,3.0137497400166757,3.0137497400166757,0.9109565915825314,0
16.72206597257885,3.9238484091249397,19.70531177525547,14.905622221001014,0,0,1,18.91849288064173,18.91849288064173,0.5774944584979216,0
5.535409272176583,9.35782759253488,12.830085953088568,0.5,7,1,2,132.69392913974494,257.6416254178989,0.33490520285540354,1
3.641524782400514,21.26868964648528,13.035558979225442,0.5,6,1,3,90.30408253323611,248.88214043900234,0.31192835360402726,1
2.0003993449899715,19.2427409176121,6.853168752879617,0.5,3,0,1,173.64474694088818,151.0229144933207,0.20578453109595768,1
9.135346420053796,12.599581579307893,15.992428667122411,4.802988332794516,4,1,3,42.15579156975852,120.0070240884782,0.3907177491310345,1
3.1394478705304927,6.316235213811529,12.269993521412882,0.5,5,1,1,90.40555814918403,81.52340903684616,0.2728766757020395,1
3.7317290137761727,17.64792512931017,6.758335911286289,0.5,7,0,1,150.61435044503892,124.67574469876617,0.39787366607859487,1
12.144522215622061,18.47403467084313,20.284512860347704,8.299343442679323,6,0,3,59.43685750592485,131.5334572373273,0.38539197898973104,1
8.220383911393458,16.711274575866035,14.551379278652965,5.7041909691958,3,1,3,111.65173314514817,257.95644768867106,0.25510965673823666,1
8.498947518159126,2.490649717740212,10.566878754467197,7.742011736950064,0,0,0,0.0,0.0,0.9862190059271055,0
9.628259813507352,4.468176266730668,9.852175106745639,6.9050535139748135,2,0,0,0.0,0.0,0.7338787824092932,0
13.8474094710222,5.418682356534665,18.37359468101817,11.50612108435632,8,0,1,174.98212748281236,155.46039680512075,0.372256990540784,1
11.686867542172646,1.8501226207140797,13.338282873481468,9.316823017493,0,0,0,0.0,0.0,0.626703528236312,0
6.410968475024377,15.118633086391169,9.706352528082085,0.5,9,1,2,171.15723900575657,329.2368742628729,0.18083463872454641,1
8.002238338047958,3.069897281366969,9.851522870163567,6.629909170438293,1,0,0,0.0,0.0,0.9643023717276415,0
19.45479114630573,0.7571615718498165,20.88703971474679,17.64937094446939,1,0,1,5.947230626169446,5.947230626169446,0.4975227924812247,0
8.45703560719183,3.099842824370821,10.55163089922133,7.812286013031673,0,0,0,0.0,0.0,0.7461889674506091,0
12.439154459842166,15.805577863748422,15.0733967368917,7.0440510979626865,9,1,1,51.520418552703006,38.40505399030475,0.17310859373672757,1
8.967384862035221,4.697842945125829,11.23278571437081,7.2075131071842335,2,0,0,0.0,0.0,0.8748458503041854,0
12.317529122543593,1.5348614110450909,12.90312061625924,10.28205561659185,0,0,0,0.0,0.0,0.5062921139335753,0
8.483426225335982,2.0271141256957748,10.032276122929005,6.74149054760708,2,0,0,0.0,0.0,0.4894844955638425,0
15.415178718155577,1.7092364274904603,18.036803584718633,15.376457034212601,0,0,0,0.0,0.0,0.6639133838283009,0
12.571422140281701,0.2728270414134948,14.36980555925785,9.864212311949677,1,0,0,0.0,0.0,0.9012235181705477,0
7.734957178998221,8.9882319551707,11.850731712335747,2.713675289926904,3,1,3,124.7188188874531,349.95663139680994,0.23942519728710399,1
14.45329617903979,15.822276497576894,21.294012327364097,11.130370342551293,7,0,1,152.94143295986999,144.9052982264565,0.315096875320948,1
12.884083836883635,15.859962652105386,17.874548707819656,7.132104078658237,3,1,2,60.34409237373055,98.48302114632394,0.020460082248159053,1
8.65219681249111,14.665885699326504,13.714469615715435,1.6173171640665958,4,0,1,33.87140892947726,29.332206304090885,0.2081797616661144,1
10.422102024365097,1.290519645802342,10.762723951343958,7.669472995403863,2,0,0,0.0,0.0,0.7247620665650069,0
8.547021895384026,4.729854449227997,11.073518025335169,7.657184448912746,0,0,0,0.0,0.0,0.8778906335977484,0
16.166697941349216,0.8303742616675686,16.34401540397618,14.094518996009427,2,1,0,0.0,0.0,0.6292836848995416,0
8.921096742664856,0.020937218139789326,10.932399744055608,6.99563819226055,1,0,1,13.059458438158787,13.059458438158787,0.747771458336882,0
14.851019831594186,5.828561776387755,24.59344173278207,9.551834761407797,9,1,1,65.53859908450852,47.78351762946496,0.07161265497663352,1
16.13054966220531,2.7346443799273845,17.555819280805615,13.363246811236937,0,0,0,0.0,0.0,0.7884747644473276,0
11.899073532879695,3.436477812912588,14.783920954018193,9.708343529806092,1,0,0,0.0,0.0,0.9869324011159349,0
12.389053624362166,11.683854283462198,20.23601639057145,7.868987598588189,7,0,3,40.195994972910555,90.96767700993749,0.3828787854076938,1
15.827301330788602,2.2982229869286868,17.854585209474273,13.971470463506785,1,0,1,13.509120906728512,13.509120906728512,0.6376005798313691,0
4.063577923866024,23.98546212491234,13.10038989756012,0.5,9,1,3,75.42448334681133,208.00501120831444,0.2802902085137055,1
19.263977759520465,1.7492719209042722,19.995383572651004,17.296267820225268,0,0,1,4.202143858247036,4.202143858247036,0.845362835351372,0
6.612814122061114,20.604252970712672,13.123957490504333,3.0458395269959526,7,0,3,59.36334096084369,152.0804246616775,0.05220182385497592,1
6.124971206466325,23.239191683992665,8.612400980232085,0.5,4,1,1,104.43588328512209,82.05399902099067,0.29384332028421406,1
9.60276154697528,23.82948475012131,12.998035683867275,4.772864602471708,3,0,1,84.24706422615668,62.14169648809456,0.1014451083438833,1
11.306438805690213,2.4726056256020397,11.67152472587023,9.542157892873872,0,0,0,0.0,0.0,0.6578040180130889,0
18.956497602678272,2.8606148186110314,19.498853054365412,18.150104757587677,0,0,0,0.0,0.0,0.6615971083423515,0
15.075841941818572,0.33688435760962865,17.570464300831567,14.543862282146755,2,0,0,0.0,0.0,0.5283968072189882,0
7.204066870248923,21.237322480207595,9.314963957551804,1.3077939488291879,7,0,1,33.020677342393476,24.637886775756304,0.35446851762239723,1
9.339678306135026,18.26054407446295,16.772211142100126,1.7492358862359767,9,0,3,49.9392064061974,133.5693943439281,0.12789727816307797,1
3.7891865471786974,5.018588337399221,13.014975565936357,1.6414786441312659,4,1,1,65.85995761125446,61.07932332650299,0.3040022179848394,1
7.338874229133677,9.193805548604017,17.15136241571691,1.465258766783207,9,1,3,162.94323246835765,364.3792053368945,0.06075446893465211,1
2.7080586157688886,8.6491608130498,12.429735724134769,0.5,7,0,3,76.82846048536942,190.89720276054103,0.2580874303378656,1
10.786696290816117,2.026626803234767,11.594181003791004,10.19080144923051,2,0,1,15.901160352122623,15.901160352122623,0.5942384953662542,0
9.717936293734315,3.2885807363797674,11.642641993789297,9.641226896465112,2,0,0,0.0,0.0,0.46540816938455726,0
6.120254082974658,21.176526469833682,15.12416328614183,2.3054561782058403,9,0,2,71.05476865175564,138.3501131406487,0.039003076985550104,1
11.937920868243292,0.26886155830991687,13.945991820965538,11.244081083295427,0,0,1,16.04792061107265,16.04792061107265,0.9168508276573104,0
14.38102778118342,11.576452356972187,21.67953769102918,7.870076905443333,8,0,2,158.77596818273318,234.83158480986836,0.2820163625414371,1
16.132678894415847,1.261573680675765,18.751808335461455,15.62610350430466,0,0,0,0.0,0.0,0.5306275077868909,0
4.528955431190293,21.411042785114375,11.942112509749073,0.5,5,0,3,120.64694733604797,303.4039691888941,0.3314835935272026,1
16.512665861892636,0.5270068869823114,19.029227447604843,14.499626920293906,2,0,0,0.0,0.0,0.5825451182963175,0
9.95611088947292,11.126019937750751,14.564973709573508,7.5306151325450434,5,0,3,70.58388847319871,164.0307884761896,0.3768232877954382,1
12.081568857346992,12.862435964141582,15.195601423624623,10.017277071174838,6,0,2,68.34586406930424,117.31828576247823,0.068638546826076,1
8.013716112366989,5.6653594233871685,10.988820772625154,3.5185480759193037,3,1,2,41.0046101189404,73.72168620115629,0.23814654806274907,1
7.488499040448815,20.701278420928624,11.054200161246008,0.5669791267794766,7,1,1,71.53049542380184,51.05982092643428,0.3723296299960457,1
16.956354611758897,1.5578586979111448,19.493315178590926,16.177544760633463,0,0,0,0.0,0.0,0.5225452638210574,0
4.855254071729397,5.00454076436511,14.175266373709615,0.5,8,1,2,139.92887809977464,269.4632076299166,0.2891138402486085,1
11.172315251445983,11.154056267796877,15.109712454225747,8.734293694048219,8,0,2,46.59053983097412,66.22165660295339,0.39773212107428596,1
2.699796823809968,8.7975065819184,5.011459594597682,0.5,8,1,1,132.97709145648787,125.59973920210105,0.35098085064126755,1
16.05905291526711,0.15861245908015575,17.66395293549544,15.945959740522552,2,0,0,0.0,0.0,0.852741616723442,0
8.99913473073045,24.842712789571657,17.85937959274584,6.4149333679831235,7,1,3,78.88220139236856,233.3838816056229,0.04875180071255345,1
13.753759583516478,6.372973322957445,23.68887315109641,6.045378411641842,3,0,3,58.06864056157526,150.97815263835125,0.1165444291350978,1
6.89926944451345,22.51809849999789,16.141661436597573,1.9415276145782903,5,1,3,80.89842534835665,221.5006329903365,0.39751359015126886,1
10.762227953491575,21.88629728304765,20.088688620296953,4.454631807850964,4,1,2,166.41442555288148,251.96429743083732,0.32850006182388175,1
8.934278235305236,4.777240957190338,9.675161736280913,6.355342199247416,0,0,1,4.245712833371826,4.245712833371826,0.46933502600837906,0
14.029587797153187,0.07190617992076487,16.4385317010805,11.087206380909432,1,0,0,0.0,0.0,0.6262323586010193,0
9.079219220510781,8.197595267328827,16.609192530798694,6.073819984683743,5,0,2,128.20880227476647,211.12431175331966,0.26534501360587254,1
7.219468937343392,20.86257075926113,10.983539234436577,4.103699891998886,9,1,3,173.04489117445343,418.265828551204,0.017240043579329623,1
7.098831314636022,23.955593959384597,10.2284238229335,0.5177362526267482,3,0,3,101.6613189599304,257.2380099728867,0.3071879912247326,1
15.599158419312925,2.251412419157629,17.192486908325506,13.362005420698562,2,0,0,0.0,0.0,0.44142216214682495,0
6.078140621843031,17.712906439052265,10.925802809608154,3.1870999319809457,7,0,2,66.27572931230297,109.72599881002539,0.3870971299334863,1
14.772744564067875,4.664783127641137,16.53227990718022,13.194497008815667,2,0,1,9.380814950363078,9.380814950363078,0.8805632329248582,0
3.428220478630178,22.673679353759795,8.171657780703745,0.5,3,0,1,158.04818234116678,145.02281924614533,0.1441576160216445,1
4.62794218992852,15.909806809896715,8.284398856992784,0.5,4,0,1,66.83259389167367,63.06977543777948,0.1371355859221803,1
9.41532338824734,16.631284088759774,17.132888790133215,5.974006788997027,6,1,2,110.1838828734463,167.1792288743867,0.06649174482066349,1
11.934058386200409,1.8604112748144797,14.213529361485573,10.917587938931987,2,0,1,11.579306405916087,11.579306405916087,0.4327071564626958,0
8.489586308937314,9.331583712544818,17.470593392824483,5.96693057216871,6,0,2,174.23260982063493,290.4303339628496,0.1956193601797133,1
13.8241301491578,16.379109665637017,21.921526846610956,6.953289839052481,5,1,3,154.94060884779915,462.8372580766578,0.3165137169986734,1
12.070643580701406,2.722977243553747,12.193848099072621,9.836168354111667,1,1,0,0.0,0.0,0.804253737870454,0
11.736520961185182,12.139648589373277,18.81447409001742,8.618002132061335,8,0,2,119.465093193849,201.99321745791516,0.010747061617974119,1
3.3796326113829416,15.627136635053905,8.545854048666389,0.5,8,1,2,108.75740103680769,198.41345121173174,0.10086915099821199,1
3.604848255534616,9.119600717539234,5.612395577675665,1.369257945642655,9,1,3,88.15427322585101,196.10194714246737,0.29526730821473746,1
19.26457562448842,2.461811517598129,21.367172721864705,16.697922254180803,1,0,1,12.969291138004742,12.969291138004742,0.4410644255455757,0
9.432572136058361,1.6392141894290913,11.879808277936725,7.640635001066226,1,0,1,11.678385785222707,11.678385785222707,0.5241961607470349,0
9.011172393870213,1.7804654258321084,11.052325635157779,8.188811302412612,2,0,0,0.0,0.0,0.7212086608369941,0
10.357843603474533,1.0587293102620976,10.482335580004252,9.391640997887345,1,0,1,14.774870192318605,14.774870192318605,0.5837607322027688,0
11.050501853914168,8.857411373792285,13.792220340396327,5.8571646047770045,8,1,3,75.41626924079507,194.51543782234597,0.2257666351118991,1
9.995063964196408,1.8986870241082436,11.846646645547308,7.085607370295054,2,0,0,0.0,0.0,0.8326794144140942,0
6.269011495015869,14.744240138438279,8.46713051562508,2.7760973328962777,5,1,1,139.2018386694296,131.39878168133637,0.10299159045748994,1
12.626642772815766,2.533428954270014,15.194645997495224,10.376781727408542,2,0,0,0.0,0.0,0.9597206140759799,0
14.028461839665145,1.6394199700912926,16.239859081535062,13.918323009215944,1,0,0,0.0,0.0,0.4245603666246073,0
10.105749537264007,6.262127382310925,14.7026228853453,4.069213619782463,5,1,1,65.4914674061261,55.34352690879726,0.17165979678332877,1
3.380084596117074,21.74945039237549,7.298644213769796,0.5,6,0,2,116.52118794573838,171.4639885732264,0.014584420330247384,1
12.844133406709737,7.359449672561231,15.205344322008074,8.216734083852263,8,1,1,88.98922276488229,78.7566912922314,0.344319574766198,1
10.499227764618,12.00397362046438,17.436984428573666,3.1903800824340944,4,1,1,174.94114466222788,173.37058202061826,0.34602843975015757,1
16.41038836692656,1.4260290134020703,18.302699627444422,15.04343971860693,1,0,0,0.0,0.0,0.501855520835696,0
7.448770267746715,7.265992087965354,10.82407072956355,2.1648221617097985,4,1,3,81.49132335966723,233.6228767286904,0.22368725270738327,1
9.194956562480346,0.08014078227561561,12.086012128541494,8.063998060619822,1,0,0,0.0,0.0,0.6364540916647019,0
12.150306295703231,0.1760758676276175,14.38884521136005,9.744191484854625,0,0,0,0.0,0.0,0.9395493509735215,0
9.575455664057891,1.5484585555259456,10.180840508815262,6.848976170907305,2,0,0,0.0,0.0,0.7752868362547969,0
6.848997862369219,9.180740747718446,14.415357597895184,0.5,9,1,1,52.193750116410875,51.95346800780202,0.0836389458358457,1
4.645953360529653,20.381222663194485,10.049998634704394,0.5,3,1,2,152.49828648024354,294.49604834949844,0.034682627038256086,1
18.958756235351245,1.9398637719894318,21.44745372963635,18.557669272152935,2,0,0,0.0,0.0,0.692870526060241,0
9.190755153135761,2.1432213960426587,11.076261663844374,8.545288288263595,1,0,0,0.0,0.0,0.5228814454337257,0
16.86255264076356,0.31897278126798934,18.02422206439418,16.014256269583264,0,0,0,0.0,0.0,0.4281955006018705,0
7.266931197819286,9.780290693318868,14.29791437372469,1.4246467179538396,8,0,2,62.815756261631954,100.23713147872085,0.30247689364271224,1
9.906747897963808,13.891470021388571,17.845707394682062,6.536760383752142,3,1,2,85.40311951341485,153.57578757857192,0.04729535698885621,1
18.386854641137173,2.8860803650447506,20.408968243412044,18.336873227404524,1,0,1,14.0219517472854,14.0219517472854,0.6464389260946073,0
8.088236534653124,3.458600570673444,10.072264571487297,7.97303390267409,1,0,0,0.0,0.0,0.7086937613872233,0
13.602537189477253,1.798599309551348,15.211003348235462,11.450448930368154,1,0,0,0.0,0.0,0.6316305613911015,0
16.365995051484205,0.41611533104036147,18.95487392142326,14.9243152289754,0,0,1,14.537538122795432,14.537538122795432,0.9244082027852294,0
4.059824483468778,6.24410183051382,12.64144785720643,0.5,5,0,1,158.67866752762336,125.58955372006567,0.07707055859468014,1
5.872172179072747,20.60096174080087,11.64518310063484,2.507282556911507,4,1,2,153.08169716189806,214.9703692256685,0.18269223715433613,1
2.6822622312964586,14.004725733452347,6.720251889990209,0.5,7,0,1,138.06851121941344,108.32130544241303,0.07372055878003962,1
2.2840072558206233,20.489712062395817,5.359474674777023,0.5,7,1,3,73.5382658058794,191.62172782746765,0.0447738312539157,1
14.82118345196604,3.9599651670285487,17.78124628681711,14.068563036817707,1,0,0,0.0,0.0,0.6014898187849207,0
19.122890745750368,4.810292494706758,20.64976786701651,17.764416329897387,0,0,1,9.44496997890317,9.44496997890317,0.59459732748218,0
17.88374713703709,3.545007556631898,19.646628096882417,15.421971769064646,1,0,0,0.0,0.0,0.6637377650637393,0
11.105508900374288,1.582285654372081,11.366409961142086,10.195849548841537,2,0,0,0.0,0.0,0.5552265684493807,0
12.324370489123387,17.504322500628763,21.825488728786603,6.246141817662384,6,0,3,110.63102154605194,233.73867460341947,0.10305279950541167,1
11.00781584332198,19.66320756273599,20.971187946725628,7.282748647019426,6,0,1,38.35602541728678,28.336171200478578,0.0230964317868144,1
8.708601733499263,1.3583209568182775,9.019870764106832,7.822335624557968,0,0,0,0.0,0.0,0.6225842275553014,0
10.045550138979705,1.9225790685313326,11.086426990112463,8.750128853656372,2,0,0,0.0,0.0,0.7083199154279629,0
12.055778605638034,3.5274501233655835,12.618291976994975,9.803983235405655,0,0,1,12.96595054597603,12.96595054597603,0.7066562928834388,0
14.570590690038099,16.423983679258274,23.478043312353176,11.733889272807138,6,0,2,168.8741061665276,303.2972310135573,0.15550736514463878,1
5.412305102707684,16.624309549787668,13.157648683191795,2.6657737815963234,7,0,2,82.20779332159807,159.2639074024759,0.386648888358443,1
6.172961593331672,15.521880265030841,13.675115244257551,2.532114501081793,8,1,3,87.94315577183178,212.65762031235303,0.1262532861468609,1
6.169536570050426,8.845158369361839,10.645292962759234,0.5,5,1,2,126.1537286453032,236.13442227137529,0.1620432218351427,1
13.049304447287449,12.617807252493252,19.017646255420114,11.002704594363637,6,0,3,61.64548359299256,176.14949163701598,0.012141522213201706,1
13.52394860771318,1.0879396996582225,13.925283042695083,10.664027104966063,0,0,1,4.401801320945449,4.401801320945449,0.5523908520257521,0
9.074792291795728,3.5768205761444483,9.888219051937492,6.793807627583314,2,1,0,0.0,0.0,0.6200073278217888,0
14.693934882660333,24.093327137581376,23.09503554467694,11.243981357745222,3,1,3,70.16887117839507,174.65087845493537,0.03659500735498349,1
8.151156815261444,3.2224253076029696,8.699750395526062,7.453944676618205,1,0,0,0.0,0.0,0.6455095524750931,0
11.013908000745081,20.324909455207578,15.446665088515353,4.14414591407596,5,1,1,133.93803438371827,133.43048178678805,0.09006440968637275,1
15.316182899309329,4.575492272450149,15.785269324243954,13.060788408548529,1,0,0,0.0,0.0,0.5564252644797113,0
16.666593184083755,0.8707834619769816,18.307236705446055,14.52321413242641,1,1,0,0.0,0.0,0.6952010376592497,0
4.362926770895525,15.082656838368766,8.945405118478327,0.8142809118550369,6,1,1,98.26134532805767,73.60424649485385,0.12164953978721448,1
11.621600670333862,4.4987153920443586,13.506821543256832,10.305653615025909,0,0,0,0.0,0.0,0.7878444251368535,0
8.873195158492685,5.687537167034504,15.98489933427896,6.3845118811457295,6,1,2,69.7669875622723,115.75782776218018,0.399619799241458,1
3.341816435426995,16.700703374373237,9.250156166949052,0.5,7,1,1,127.43340101354427,122.38702273154891,0.3312743477293812,1
8.903344599820084,0.5619851358800648,9.051271561149559,8.130906950342677,0,0,0,0.0,0.0,0.6320178699924772,0
19.633890792874137,2.2696306821089793,21.15488965330418,17.917374907522827,2,0,0,0.0,0.0,0.6045771841857931,0
11.162617753961333,1.3956523538713483,13.95463452064853,11.088684540052366,2,0,0,0.0,0.0,0.6447375624229281,0
2.2813922975107865,6.835552129423517,9.729018628739396,0.5,6,0,3,145.1814545450567,403.11302308639017,0.23534627568706268,1
3.261236837082163,6.284771517142518,10.002805370225186,0.5,9,1,2,169.2833299341204,302.11177614109556,0.12466116666185956,1
8.79266369386592,4.862841178248684,9.872843399658098,7.359061629126513,1,0,0,0.0,0.0,0.8197205545693143,0
2.742226392803268,11.861034650393012,10.077714274434522,0.5,3,1,3,163.62482224344504,409.7384780602513,0.18372147528522953,1
10.719945330759465,21.42518840745691,14.67718576759717,6.192140040959277,8,0,1,112.58559518120464,85.3115034066352,0.04075150565582262,1
17.84609005078531,3.8001745090158696,17.99238900722473,15.314903672654538,1,0,1,11.65067554881472,11.65067554881472,0.8102729205339247,0
16.729428695433448,4.348082288661309,17.297758994935656,15.525984786958055,2,0,0,0.0,0.0,0.4104989283924332,0
9.446013596930296,21.389913707721046,14.059924721479366,5.348327204083963,7,1,2,96.11085616263954,149.57173806750666,0.335359855236876,1
16.243297220042123,4.465568706612363,18.311548621656097,15.391903390917475,2,0,0,0.0,0.0,0.9151600641894989,0
15.540165410593332,0.9205066168047848,15.857116446940124,13.101612495983058,1,0,0,0.0,0.0,0.4424748616067047,0
17.710337643880894,3.3641584496021504,19.202025228940883,14.85941660267235,0,1,0,0.0,0.0,0.9747826398894724,0
9.537306969828416,8.330070940990302,17.235068611245687,6.481965269316444,4,1,2,102.53618785558012,144.45177935394594,0.36845755207233677,1
10.667393199663023,1.040530172981864,12.928553729349412,9.907255003175019,2,0,0,0.0,0.0,0.75621077194524,0
11.713550917354189,2.2398582819109496,12.929965946345444,8.761282525454646,0,0,0,0.0,0.0,0.4332671414223049,0
13.49365919071048,1.2948080251248761,16.12989876174127,12.903657493539558,2,0,0,0.0,0.0,0.5012496630389377,0
13.43460032498614,4.728575542205123,15.465060455876282,12.529839715365487,0,0,0,0.0,0.0,0.6014094403857051,0
14.177410819197613,2.566302522852211,14.499078001823076,12.906964791449614,1,0,0,0.0,0.0,0.458566022865395,0
14.00850814639809,21.429425055523815,18.841024645238843,8.073583542433733,6,0,3,32.65050671931508,71.58595578801369,0.06887899176945322,1
8.63676339688498,7.811838363467311,14.035030129078471,4.586270342929416,4,1,2,176.99331710374176,352.45748989055164,0.2746714446896518,1
12.381225895697789,7.140582684220762,20.626820329070817,4.92004915082961,5,0,3,62.662305725103295,136.0067489156556,0.22937273014226445,1
7.840569110436448,23.809943970260214,17.463244223801123,4.404575391152296,7,1,2,70.19959003265669,136.7014125936048,0.2532714699583089,1
11.08582821330915,3.596940777874101,11.17019273214292,9.959864175990107,1,0,1,17.962928896402016,17.962928896402016,0.9612548946691205,0
18.422633969430052,0.8698044384811277,18.56122341903494,16.683843787192032,2,0,1,19.987006009444002,19.987006009444002,0.5268587547993467,0
10.617177239250655,24.308972692012425,19.943692024776606,5.599924118857145,8,1,3,81.64620499799389,175.9954285027806,0.2937400141341183,1
10.55844717666962,3.908644945023797,11.169713634219452,9.776462212170811,0,0,0,0.0,0.0,0.7778101571555218,0
4.16500067546451,24.723535945673895,12.731792749569541,0.5,3,1,3,117.11528754216324,343.8372594583549,0.1986973712023938,1
13.350639438317694,3.542917728839126,15.546257650177196,12.828748320607678,1,0,0,0.0,0.0,0.47668710661622965,0
11.598491221328779,0.17201604226729117,13.50328041168201,9.021694173354597,1,0,0,0.0,0.0,0.931957264901439,0
9.855957457679224,17.600373612376547,15.19502099208301,6.990085195554335,3,1,2,71.57165278100398,119.51078857816836,0.13810582082282125,1
10.085750271220363,22.63951110281215,19.75842420947959,6.931672092296872,8,0,3,144.3541820560759,321.8359945735575,0.0034476010367121114,1
9.625822586259286,14.107898104958815,15.769945377527444,7.58104374375597,5,0,3,161.69675737494887,378.7375876796892,0.39290242437464595,1
4.312492763548495,12.034402226913045,9.83393539312604,1.8966461253187266,7,0,3,160.05174103659007,432.51445596061416,0.17923419491323062,1
4.655334083173154,17.53605260129688,9.525274167516262,0.5,6,1,2,73.64990843469946,141.50912691955168,0.36178112462499756,1
9.723773089208166,19.38601218050227,16.673748948869015,7.233694500010042,4,1,2,80.31102202445204,158.32180858080253,0.2132221160378845,1
14.515285333871933,0.6469030848335044,15.642748990895756,14.21784699703906,1,0,0,0.0,0.0,0.5814374441823533,0
8.087907688933008,22.062563438204734,17.556551336986523,0.5,3,1,2,177.68638445641696,319.8078409669353,0.114161627385369,1
9.313788392827927,4.829183344037918,9.838143356478025,7.369697438662285,0,0,0,0.0,0.0,0.9837064951960134,0
7.36481722892894,7.009150993619368,13.438080953429761,5.216797501686017,5,1,2,139.89190488605982,253.3211713397237,0.0848324949909511,1
5.656699326189443,13.222545565187584,9.531299851393658,3.5387904297083566,9,0,3,80.77603191382093,170.14523066451443,0.27210027533214964,1
9.759299604320038,0.7983317468357537,12.129549354234351,7.9104273592576035,0,0,0,0.0,0.0,0.9394143895896904,0
9.608298731827901,0.5788002312316232,12.140856419300146,9.190391715704157,1,1,1,17.95064653044168,17.95064653044168,0.9446567461901072,0
14.174413307032934,21.510696830408314,22.50489902153427,10.9689452689198,8,0,1,171.13144012420634,129.18163355505067,0.22697728320929184,1
14.544071819523737,10.470840580038738,19.741335836209764,6.646911112391214,6,0,1,32.10217762890855,27.930741375051536,0.3729067535683889,1
17.871889621765128,0.06640601729290041,19.497935517204304,16.49320068924856,1,0,0,0.0,0.0,0.4753492616260964,0
10.522303624626156,1.617214275500984,12.980006260933417,8.912726799445812,2,0,1,3.144077671139085,3.144077671139085,0.9774028344887241,0
8.87478142245986,3.134164522075336,9.63437814349829,6.463701066827952,2,0,0,0.0,0.0,0.5239206423832039,0
18.397412758988498,2.6044108922375555,20.405210146519472,15.952366808960054,0,0,0,0.0,0.0,0.9136921731967962,0
3.1793714757218012,10.253909540038705,12.177499976153749,0.5,8,1,1,174.12441256202825,169.0504980537686,0.27870192597416177,1
5.564132489739902,11.401134537705818,13.66933295170439,0.5,5,1,1,49.0665736300536,40.64000571881863,0.06434411739403915,1
17.106417613015395,0.5289826013639948,18.62483717109933,14.662542444937644,2,0,0,0.0,0.0,0.6152362117276593,0
15.012751059073489,3.9843078513809553,16.03565074946094,12.596352209951728,1,0,1,8.070399848804223,8.070399848804223,0.599979915922315,0
9.446042626582418,9.766744212559939,17.797683304307142,4.527146032187881,5,1,2,145.97515376204382,213.67252434190095,0.31137136271256,1
7.815557137073133,9.209193443530685,15.332221661338972,0.5516987199149197,5,1,3,97.0954134378901,288.27299352699526,0.15093939089212466,1
5.165071572867881,14.155292254082683,13.241232762603435,1.9291424677370421,7,1,3,103.39188915774047,243.7444069882774,0.2891074704043183,1
19.00492135363776,2.9171310757204556,20.392752263408696,16.550019825319612,2,0,0,0.0,0.0,0.833610144684692,0
13.776851726050419,7.532742510367488,17.20501004023121,8.818670975097605,3,1,1,117.4914295708645,108.14237647082072,0.1286132035353363,1
3.6539235301811397,23.293891206741144,9.602272806896764,0.5,3,0,2,37.803563254417035,55.50272368367506,0.001567349980437305,1
17.627284365769732,3.933615073667704,19.15646259163427,16.72708311705341,0,0,0,0.0,0.0,0.5204277057482753,0
10.339960850252236,1.567386799232252,12.201631391322612,8.424910654860044,2,0,0,0.0,0.0,0.8810955399253091,0
6.701659081535556,7.168007454332455,15.709123259025196,0.5,4,0,2,90.54388429048457,180.73889427465505,0.06995357447794506,1
10.080752794473433,3.62393487479193,11.596813799186911,8.040837664205304,0,0,0,0.0,0.0,0.4816337406589858,0
9.857432418153344,1.5058779349867941,10.604363115637438,8.740511122434201,0,0,0,0.0,0.0,0.5228316723699994,0
15.794515503243925,1.513115914643775,17.174460512278227,14.956497047414247,1,0,0,0.0,0.0,0.7162045747489203,0
10.049764475674529,0.9884515155724377,11.006216444293543,8.269275228208974,0,0,1,7.790320518908174,7.790320518908174,0.544638607514042,0
6.681295200167472,6.796442588512095,10.735935501968953,4.126195473068906,3,1,3,30.327621428587317,81.12048473258515,0.05649747921062294,1
9.12359472000355,4.775315935631182,10.956373882453985,9.11979048925708,2,0,0,0.0,0.0,0.4542513866749965,0
11.102687163682951,1.686062452031429,12.309468404733577,10.949014274470011,1,0,1,4.870566777990726,4.870566777990726,0.9589955498554115,0
5.483255751389022,15.403892154477711,12.009191959956233,3.3913922316275893,8,1,3,85.00828628906986,186.61227466648893,0.2512826388372176,1
14.817144192123932,20.613641493757246,19.939052588795892,9.345760598447805,9,0,3,87.56586869661137,260.49719857045284,0.06366363359753194,1
7.453259306167657,12.813870742018976,14.779905927382558,4.160182160881043,4,0,1,143.53902676905207,126.60355468507345,0.06671493407346966,1
16.64133600217935,0.43067885774518144,18.032765476202478,16.11940380361394,1,1,0,0.0,0.0,0.6331785673642617,0
13.928809051404702,18.462226962490575,23.85479952655045,6.63187007533374,6,0,1,176.2140122004293,167.88992109067436,0.20035064235583966,1
9.16852074929605,1.5153288058755083,11.083193994417885,8.118500143876513,2,0,0,0.0,0.0,0.9013241347262245,0
17.30098160406943,3.1096836687835463,19.121360291533442,14.752571899318443,1,0,1,15.243750223881642,15.243750223881642,0.8281644197580829,0
9.394565573640348,22.35446305610185,14.851495468055782,1.5950209523004473,6,1,3,174.6648269351971,479.6442032064888,0.3970502193811481,1
11.52553364785193,3.3602627025268097,13.63200394344264,10.410352694002547,0,0,0,0.0,0.0,0.691160045405573,0
12.588359972739536,2.215636726614573,13.716931379048402,11.486338426907697,1,0,0,0.0,0.0,0.9331852683019104,0
11.469492334892696,11.329091530669153,16.206983580961953,8.302711219798812,6,1,1,34.39491646551276,30.45432148613301,0.20380354928968078,1
12.313085921969805,0.40736948856470945,12.893103622805961,9.46085178233179,1,0,0,0.0,0.0,0.5424916254173199,0
12.636417645641684,1.3362934257353087,13.900951193172556,12.353225217930106,0,0,0,0.0,0.0,0.6764273028089653,0
5.217018756030903,17.904752891066632,12.424792717779258,0.5,5,1,2,92.11972718686475,167.53986468957015,0.10730014356892431,1
10.104010896522318,0.05057215830417905,10.550437040076847,7.776394027889938,1,0,0,0.0,0.0,0.6749228831513296,0
16.08331798396034,0.3244963976920473,17.480494716962834,15.36258292856743,1,0,1,16.016053759570493,16.016053759570493,0.7792734570694139,0
8.72130267294075,4.579674812555768,10.567656934093968,8.143229388861846,1,0,0,0.0,0.0,0.42365055107221783,0
17.93132313618984,4.839322829756776,20.60083231845477,16.129718831570596,1,1,0,0.0,0.0,0.9352353161258165,0
14.100265850775108,4.959158962318152,14.898589719283006,11.600690871418745,1,0,1,15.00321665909202,15.00321665909202,0.8160405120574263,0
11.334693511853072,2.4909464958698955,12.323284753175061,10.012884169675548,2,0,0,0.0,0.0,0.8777714097656806,0
19.522616868593897,3.301679152570638,21.0907452307967,19.45184096525151,1,0,1,0.9556272936281074,0.9556272936281074,0.6113385850424472,0
12.752653729225601,0.995784487985335,14.027036273219837,11.595996224750593,2,0,1,5.388357786591433,5.388357786591433,0.9324650144514927,0
6.372494447302565,16.734962379346857,9.19573515403857,0.5,5,0,2,118.62068002768737,217.41622581180587,0.3765115715627192,1
14.182306713658564,3.873263098965088,15.86874097514132,12.524195043521944,0,0,1,14.158818314799895,14.158818314799895,0.8281912446962456,0
10.538598004149836,8.964125304710393,13.690623795508413,2.541790638934355,7,1,3,112.75319517096925,322.1343624737643,0.398739713712576,1
6.163883652457653,23.13306593903998,9.693820685066623,0.5,5,1,2,177.28457100528684,321.7118440224411,0.35327722116944343,1
13.841012580227787,3.5116248970985344,16.396920340895313,12.771185841604629,0,0,0,0.0,0.0,0.7947699467227554,0
15.770237546841958,4.844721985871455,17.912111390436273,12.996261718095218,1,0,0,0.0,0.0,0.8497685706326641,0
15.558468802198147,1.7989470669096481,16.775905078798964,12.647153155545855,0,0,1,7.672180807103168,7.672180807103168,0.6546232156321807,0
15.245513087433416,1.494630750491666,16.4779622741357,14.592413690861719,2,0,1,8.226605806624736,8.226605806624736,0.48713501194914943,0
19.555495935783554,3.038428205254055,22.50565759716527,17.032174008966944,0,0,1,15.429466897192128,15.429466897192128,0.9490832922429376,0
16.198106758877817,0.2616642865033142,18.54665261283779,13.661574326356135,2,0,1,12.611120618183907,12.611120618183907,0.8483416828237302,0
8.982084922671346,19.744384471426095,16.000598018753447,4.151892321324089,9,0,1,179.7841209878443,127.18740685500167,0.33409762406354626,1
12.941000976851598,16.092409824222898,22.15405081274248,5.383843058363838,3,1,3,160.19499630031967,408.4515701345228,0.02453754979354721,1
15.480940776035176,4.85277335364248,17.157800496846306,14.471759605826447,1,0,0,0.0,0.0,0.735481993877781,0
9.733237809860931,2.210331065590375,10.73555176612062,8.167745183945364,1,1,0,0.0,0.0,0.41553764214969113,0
9.201609348417573,5.032023750980576,13.467362018894914,1.913147354478073,7,0,2,116.54041850172595,173.98375446257953,0.14247757738455177,1
14.721391796112181,1.9323128216396763,15.982140601534807,13.035059148242492,0,0,1,12.736429285687056,12.736429285687056,0.9848619060522479,0
8.720098311068142,1.8811468918059555,11.496847338638958,7.210967068397078,1,0,0,0.0,0.0,0.45197185651281646,0
12.923644662471945,2.3535049974553077,13.071089833507477,12.35045824443287,2,0,1,13.902396318915347,13.902396318915347,0.7697443895983673,0
7.0742351304002105,23.18125085793463,9.307225410313052,0.5,9,1,1,119.45903995386922,96.73894353432598,0.32284280812780514,1
9.400974833225547,0.6453256241453148,11.011552272733402,6.591264179013029,0,0,0,0.0,0.0,0.7632666911832053,0
10.746736551255095,15.608484406544854,18.049022413204405,5.205711909356631,5,1,2,90.95496079161921,153.8088175675572,0.21633082558861588,1
10.060138340518602,4.039157259133112,12.138773623608559,8.392525897921724,2,0,1,10.9865273037203,10.9865273037203,0.9578750335783018,0
8.831654072224985,2.2820671985621215,10.660721255973689,8.064036449788347,1,0,0,0.0,0.0,0.8764807370393635,0
13.631718420806914,10.353368743885952,18.916507998713048,6.240136957393093,9,0,2,94.64120047774904,143.74122736077203,0.17520871854013176,1
7.575946473418234,16.71122586994894,13.745336272726533,4.677283683332817,3,0,1,115.84257218130017,96.44544154884439,0.13868750449436448,1
18.722119656719816,3.783946114511985,19.718121763072855,16.488793153207155,0,0,0,0.0,0.0,0.7878190672741936,0
8.499728268079764,4.153178823430446,10.21372728299555,6.677313006354057,1,0,0,0.0,0.0,0.7165477734552103,0
10.798250653059396,4.322014935971988,11.726356339299436,8.715855691130685,0,0,1,13.634497008246843,13.634497008246843,0.5246742788228523,0
17.63644592920966,2.076307187864103,18.487089961938604,16.78481138443752,1,0,0,0.0,0.0,0.6133178782912045,0
11.536416438626336,2.8560645887575857,13.772609656050955,10.399548709188814,0,0,0,0.0,0.0,0.8790905457582552,0
5.179025758795891,9.546441421400548,9.892924483026828,0.5,6,1,2,158.55435424958668,261.466326171783,0.03573596091674674,1
4.9995496726917,10.823929099932483,13.177690127391745,2.5463871565363787,8,1,1,116.26056286281224,108.81698512120519,0.0069152179053452835,1
18.29316974943235,2.3705103792113347,18.3054883581247,18.260129674425528,1,0,0,0.0,0.0,0.7378986330723729,0
8.04596348600387,1.1906242162699936,10.861306407235094,7.532705585432384,0,0,0,0.0,0.0,0.9120793319215319,0
18.58646884672389,2.169440242427397,20.829260231022218,15.587214156436756,2,0,1,6.086151836417287,6.086151836417287,0.4518745042720914,0
7.84458358796341,21.737268444531846,14.423105073004022,0.5,5,1,3,120.27395229495718,259.5572848753405,0.3890089982534648,1
14.717548666157171,2.600577072511973,16.549744005091032,13.924649407835906,0,0,1,12.722112692872372,12.722112692872372,0.49883853764863706,0
5.7343500334018795,19.735891374203938,11.361679878396025,0.5,3,1,3,112.84822460614168,297.80587626389297,0.10976468840015007,1
12.118409977878263,23.82429388241371,21.01345262682432,6.732708967477672,5,1,1,45.982687082416945,41.683640937852,0.10391776646846416,1
14.976535708211214,8.758519157475908,18.161013784121852,12.384424341651691,7,0,3,110.31200032672017,309.92813706977546,0.32724166732869936,1
17.891215831074494,2.824207183587133,18.43018672858503,17.591925157965967,0,0,1,9.542927519780985,9.542927519780985,0.4785286831321456,0
14.122551390265974,22.19005951249796,21.800831792057753,9.229200008242014,6,0,2,142.15507710196343,218.98443737595468,0.02397006212843258,1
9.493210495361062,4.810979381389957,10.362984783260147,6.934377885208183,1,0,0,0.0,0.0,0.9424681962877031,0
6.766290101253934,17.382428000933924,10.04144917942515,0.5,9,1,2,141.78622292586618,242.2660726254994,0.1323967790413612,1
11.718387792901817,2.5375454723466575,12.922145542513,9.153152634992752,1,0,0,0.0,0.0,0.8687743884434154,0
6.251087990449327,17.55917470685816,10.452609684637132,0.5,7,1,2,160.92453512299804,303.94446602423625,0.09356912831175396,1
11.296778098545282,11.299041238375189,15.747968485440945,8.38303661613935,4,1,3,123.00020002161126,295.9631667778942,0.3423700758365191,1
4.506914916249193,8.8221124538229,12.657028362018476,0.9133893264050337,8,1,3,110.34900925921681,316.5923641417652,0.0019537864081007775,1
9.27534213884643,4.209917640291131,10.72390643379527,7.297269977009898,1,0,1,7.671347820145842,7.671347820145842,0.6950427658113937,0
17.680493692940736,0.018281556723246384,18.640672385491484,16.415170967132358,0,0,1,12.577462888266105,12.577462888266105,0.8577087414078874,0
12.275137385515508,1.3704159782049785,14.678629587040984,11.143601010162778,2,0,1,4.011293191761398,4.011293191761398,0.5292155697127651,0
4.245845137654135,12.587311964083732,13.532518953572165,0.5,5,0,3,61.541426685279205,160.58002893170067,0.24622104927727168,1
7.239503852792718,17.983079296617454,14.824068224019932,1.410664437695103,5,1,2,49.313165605208326,97.07662528971748,0.19006834640905132,1
11.9619529245457,14.958971851645277,16.4422251166453,5.0901464702008905,9,0,3,114.94843202497981,320.3573052285168,0.05460120483343287,1
13.472436365885773,5.402434437061481,21.494253468493582,8.629796610799236,6,1,2,111.11484469508143,200.7156789175493,0.2810518305751663,1
14.376079438839309,1.9985977548721379,17.237190318314433,12.449748733762746,0,0,0,0.0,0.0,0.9416975842215788,0
12.971924168242492,0.5619302466113035,13.19881525974614,11.240732032565383,1,0,1,8.72093948237158,8.72093948237158,0.8492033051505945,0
17.254916888398135,0.19406473905901056,17.837303199736052,15.645094360606812,2,0,0,0.0,0.0,0.6835455118263134,0
8.483375680807764,4.02416408648236,9.590338518781033,5.919518603442331,2,0,0,0.0,0.0,0.45002743226125574,0
14.956845379277263,3.3351842856267693,17.69157604106642,13.919984872574895,1,1,0,0.0,0.0,0.6351988263334891,0
10.970335711228511,12.743665483118686,15.739203712543773,3.9550052624710563,3,0,1,67.57244201246452,63.637817152354366,0.11186954261857728,1
8.55542499030941,22.31290072745464,12.486222621009409,6.084207533552618,5,0,2,141.00267002373192,223.60766709113247,0.34350081024367357,1
12.821761503220342,0.38151227087039774,15.019862054832764,10.971107235324798,0,1,0,0.0,0.0,0.5705729734572756,0
15.041214894135095,2.228649104514346,17.54957074077022,14.246313709468765,1,0,1,5.3204275345760355,5.3204275345760355,0.7544895249373047,0
8.215857578868652,4.663856399530474,8.450838744316307,6.151200820645444,2,0,0,0.0,0.0,0.6922495265941468,0
14.327061799408126,4.649352411469395,15.778452489156514,12.855714509200276,0,0,0,0.0,0.0,0.7335472102445922,0
7.981523381643232,5.3034839809284335,12.25148746132688,3.3620330511922853,7,1,3,35.14468519549675,89.54196193873092,0.061937072648090966,1
6.74561836700382,13.64874333433006,13.730997763261318,4.2990478563727255,6,1,3,125.61069183917752,326.71822424426307,0.2953182041913231,1
11.946385691230702,13.655341634163873,17.819861677811478,6.057772927664274,3,0,3,72.45009531436166,154.62142638322527,0.3978376748887761,1
11.828055143063002,14.04628070102671,14.173417469966534,7.970450672550002,5,0,3,65.49496972050133,189.9861112734711,0.003666220073526594,1
14.467314287648557,17.268036930443422,18.56068522074861,12.065367721273471,3,1,1,92.38704814462642,84.63577579843435,0.3673140141519831,1
4.486605823486162,15.34235861713839,13.751275319964996,0.5,3,0,3,166.11947645196383,367.16279450716354,0.21361444528186266,1
12.920285440900916,2.409974588664335,13.131667473901791,12.085854519554182,0,0,0,0.0,0.0,0.9469547366836759,0
14.325767531590166,3.8198159816280897,14.341003970517349,11.572491603684684,0,0,0,0.0,0.0,0.4757700835507414,0
9.590888929813788,3.8733646859089914,10.385337895148744,6.790109498710033,2,0,0,0.0,0.0,0.7033938144581316,0
5.980546966267056,18.11258824228635,9.894617868278768,2.2973800351346503,8,0,3,107.74858845597352,271.0551326328587,0.12577364232456217,1
16.758669412443172,2.0546645248137914,18.646326991468047,14.66073064897726,2,0,1,2.640703537799911,2.640703537799911,0.853740153889728,0
13.764504442208882,21.35701326829665,18.53463277448687,6.918068683004595,5,1,1,178.75292105891035,166.44244706423893,0.08421139537624521,1
10.803497163782799,2.0478046363125464,13.143749234987693,8.489822717911588,0,0,0,0.0,0.0,0.5054702894982291,0
5.311978622272061,23.290523076041122,8.216402364948141,0.5,8,0,3,111.26404799115231,246.78052920246694,0.3064628406331112,1
19.367682790843546,1.8450886620558637,19.774233411525806,17.81248391094435,0,0,0,0.0,0.0,0.6944166075561904,0
11.88405146435751,13.406666188636851,21.432476629552788,4.4688481685260575,9,1,2,52.11808761392024,92.09231711521066,0.22629892262045836,1
19.252455384552412,4.561272805505778,22.090682238758905,18.518308593481308,0,0,0,0.0,0.0,0.5531093372645384,0
14.556685606540833,2.8473825733150537,15.586207178162685,12.871932523640108,0,0,0,0.0,0.0,0.7263267526966706,0
8.154654136722634,17.26340721486234,17.105062903265196,2.1832446778910626,6,0,3,119.98286820791621,327.0576534334291,0.3301833303185141,1
8.241401763379724,15.707417452767887,11.594400664533147,4.306702905115825,6,0,2,165.5929597784834,263.68984047839336,0.22093520538220113,1
2.570454148793667,19.407464254644058,8.126293972615995,0.5,4,0,1,79.01596472325679,72.96805177272402,0.03186157104816916,1
7.8233980633554125,13.912776016443239,16.98855128786609,5.066479485628512,3,1,2,94.52638626664698,181.9637869765108,0.12058247456426718,1
11.85900203066893,17.120276638721627,18.421502093280964,9.537542673024483,3,0,3,153.725573909361,441.3386059132718,0.3710698165998077,1
14.657909558039675,1.7051008612801692,17.54350418108367,13.015690340035999,0,0,0,0.0,0.0,0.9869592781176845,0
8.337081861031661,12.28242113683011,15.452173232664446,5.562863407695112,6,1,1,130.4954886144985,94.16479365302175,0.10267223666010539,1
13.76022211813545,2.0119678240721504,14.214594985336694,12.434675014702252,2,0,1,1.3281070692099473,1.3281070692099473,0.9936097084252236,0
10.513792600922168,13.854718554129166,20.10512234643189,7.037794159081397,6,1,1,61.176558212947356,57.75202100155484,0.2971325105862761,1
10.836039083225014,0.4892850135822502,12.564517072702913,9.175005582606714,0,0,0,0.0,0.0,0.611385330525507,0
2.647153019799569,10.370001523949908,9.881039259362112,0.5,9,1,2,82.47050317673691,136.4801981843921,0.051274044119639144,1
10.054386922122575,18.510647372401134,18.27304703478012,4.714294606032054,7,1,1,55.26608266978729,51.2946278082212,0.3939716433765967,1
10.365272465883827,4.3768161995038035,12.478753375118881,9.003732774463092,1,0,0,0.0,0.0,0.8390077592724892,0
13.123367633884307,15.29339048103655,15.968972464918712,6.9589336326984,6,1,2,120.62609072588877,177.63113410671068,0.03147907007815962,1
12.83342640855794,2.944051350781116,13.101092912729657,11.540477220016164,0,0,0,0.0,0.0,0.7478598744605639,0
11.394630917436382,4.474346003527599,11.467249050703971,10.348823509107845,2,0,1,16.205182610345737,16.205182610345737,0.7219469140171721,0
2.8009038088021003,8.249968309488828,11.961174679629597,0.5,4,1,3,52.581688209333706,132.61817098193364,0.20176989842537477,1
14.158040195966773,2.4784538511435694,15.15624265791834,13.944499487012514,0,0,0,0.0,0.0,0.5524883680766887,0
13.823067249766893,2.7170292609913202,14.73734998815887,13.277641852766044,0,0,1,8.877119822811387,8.877119822811387,0.5128094303177734,0
9.781798196063413,2.7715035292397627,11.363243340939206,7.5791147925051625,0,0,0,0.0,0.0,0.5717345843439966,0
4.514813964155187,9.207441630596715,6.699190671408046,0.5,4,1,1,35.276194729739494,34.34301513959098,0.31013277195436645,1
11.796931709213833,24.112789234468433,19.973647900264112,4.742703706303901,8,1,1,47.4410520439321,40.84309830093405,0.17485924201801387,1
9.852064970613501,22.42667184680565,19.843302568718116,4.205488358152954,5,1,3,179.44452063678386,513.3900693920667,0.2443837997729019,1
13.718808783998934,16.148585585286394,22.66661799362109,6.7122340645644805,8,0,1,152.6856265248659,108.63722162950862,0.3483188689352453,1
12.779002818360954,2.4858364035884284,14.781249409962447,12.740706538807263,2,0,0,0.0,0.0,0.43252704652359586,0
8.972714766531238,3.58226490779395,9.721588879762988,6.3395758844404195,2,0,0,0.0,0.0,0.8844867613911453,0
7.164786808296774,11.736954028943053,13.720645913389507,0.5,3,1,1,160.06199957376356,157.78941688708784,0.16194395584725774,1
19.65819628164967,1.3811947081157179,22.03536860772611,18.98247657464393,2,0,1,12.133786463957716,12.133786463957716,0.9582691603270187,0
19.94580332879864,0.11284291601188545,20.284377762936927,18.117400038698772,2,0,1,14.967216668572394,14.967216668572394,0.87035715307168,0
11.375070486780404,18.15577560072372,21.047968822750754,3.7885287437323143,8,0,2,112.14241509806206,200.0945871310435,0.10377966842723052,1
3.5505317365166644,9.491647653078022,9.552115220698946,0.5,7,0,2,154.6151082892141,243.58822552099733,0.3499588938391705,1
13.014889805544913,3.7420317220251893,15.898893699129331,11.637980651348865,0,0,1,14.078733340690308,14.078733340690308,0.9674041222304828,0
10.605607912858243,14.297095616265414,17.65031749132659,5.908014476811819,4,0,2,116.04417869143617,219.66250300921246,0.011428367089604175,1
12.195022349412705,1.4633572287971208,13.372785600496039,11.16895435666876,2,0,1,0.7539478084534124,0.7539478084534124,0.6203017754170136,0
9.77720958352553,3.731569062845384,9.802273696041945,9.271412438223418,1,0,1,12.6089623131598,12.6089623131598,0.8405632183184293,0
11.361321509008835,18.519849795126802,19.006596180000408,6.425942107781158,5,1,1,108.27934429982682,78.20506595636111,0.07680650038717954,1
16.698952959493276,4.473809935062475,17.051624706856085,13.728285355648055,0,1,0,0.0,0.0,0.8409103122997607,0
4.288515868014619,20.730517742071825,8.788865085908396,0.5,8,0,3,123.71930980780878,297.2734153767096,0.08448330343518068,1
4.324933890601391,23.038322156757655,9.502428981138422,0.8532580607551874,6,1,1,168.94199427726107,166.99736667017115,0.0757960583598417,1
9.107228054753154,3.6475846428656107,10.149091053211178,7.064077719561818,1,0,0,0.0,0.0,0.9407065739304133,0
13.863259110535818,3.0161106782898184,14.840002508092851,10.912467211319495,2,1,0,0.0,0.0,0.4627167327254166,0
9.241088482070673,22.879453368488583,19.03588413426292,6.963516978030673,5,1,2,133.37150354705065,227.89757904098337,0.08006168449974674,1
9.693502799623236,6.444586965449557,12.873126873752671,7.2540291749788945,8,0,1,58.47789904064537,42.867319566037494,0.2885149075895307,1
13.049187388261409,19.523789677242103,21.78379030318351,9.255111310605333,5,0,3,126.42030752431238,344.30837232666073,0.3483870399450171,1
12.007039996012612,16.22711648378676,21.069731921437246,6.8401673462388874,6,0,3,108.40960170852819,256.11002114110687,0.10675971523950874,1
10.069356667686309,2.8981622910090907,11.735931871874467,7.850491613727324,1,0,0,0.0,0.0,0.5870219928956872,0
12.891937951771741,6.447145154826533,21.94077913862427,9.351967812396254,7,0,1,99.28878063086026,94.66564890352169,0.3590248773812641,1
11.24645572123589,6.999704949675534,13.514822692533151,5.884061998316233,7,0,3,113.12718831731982,315.1530526896216,0.21495167617754204,1
8.40111839711866,1.8337603821297006,9.112329570641194,7.059299492647294,0,0,0,0.0,0.0,0.8171550404532602,0
10.317077620415493,6.093692415067311,15.576135853368616,7.2526207996883985,3,0,2,50.95808504684311,74.28035266224067,0.16982904287438225,1
14.508638722285266,2.6372823186086607,14.93201707718323,14.50627018900561,2,0,0,0.0,0.0,0.73832021913506,0
16.72373503434117,2.899171191405452,17.211281968612518,14.701142165746383,0,0,0,0.0,0.0,0.6780346052827877,0
10.055280927994875,3.7081890930881043,10.963201949905319,8.068165348256615,0,0,0,0.0,0.0,0.9335912559569918,0
14.780390299711398,3.3484198623163626,17.664537710142543,12.972380416877883,1,1,1,1.7543528343992865,1.7543528343992865,0.6349222597609775,0
15.913078962198995,3.12350334703304,16.760701553186326,14.77900411389579,0,0,0,0.0,0.0,0.6819870607946767,0
11.582575111785967,4.618715656333243,12.271994136053962,9.334025866315626,1,0,0,0.0,0.0,0.7109309893815565,0
2.4007200430918134,22.584086751707652,4.504801750498795,0.5,6,1,2,105.0446811590988,189.85150712916777,0.15678709610978522,1
14.410322089311007,17.071624942461252,23.881932797972752,11.189844076121117,4,0,1,65.03706513335388,50.66660748789771,0.015128054620814124,1
14.822548998274106,11.30433474754572,17.744957720986502,12.180601431226366,8,0,3,33.13642685028525,76.239661855118,0.022606276318702934,1
7.609605558019351,9.598367417232652,13.737172586222737,4.088643038476208,9,0,3,124.65512635680733,368.7190762213784,0.21639449421123347,1
14.680787693110613,4.273703092959893,17.46953697690332,14.128127995221535,1,0,1,4.009380955327179,4.009380955327179,0.6480794600260961,0
13.395286380253328,8.16572512118196,19.040572952678062,7.761090937494074,7,1,2,91.67233985102081,141.35331693411084,0.29199728985798545,1
10.843090799969179,21.84913972236827,14.670863407305369,3.6445263825766414,3,0,1,75.48293200778868,68.64396259609774,0.31610396157667753,1
8.443500971482212,13.422378088681633,13.727683246293635,5.0554086922813095,3,1,2,73.48210193007895,103.51490249547201,0.22993561514394997,1
6.870439847192774,8.658706425684251,12.310882608722968,0.5,5,0,3,142.37367347647975,341.1126370500466,0.24434403340674016,1
8.185369132796936,2.1786717842165384,8.858189387522652,7.019472261600419,1,0,0,0.0,0.0,0.729773380663621,0
9.255927606894755,4.113239635969447,9.886069618770964,8.07367666136466,0,0,1,16.510616466934987,16.510616466934987,0.5651416635586735,0
11.201191718712273,14.660237110967573,20.37322572638423,3.3051114263776693,5,1,3,116.55306025358375,267.9593141860768,0.10764790105520415,1
8.529746745049465,4.9604609351441,8.92080178419384,6.141541168858653,1,0,0,0.0,0.0,0.8015101913194858,0
13.186558251020282,3.398628980008791,15.013645085141029,10.879617665334393,1,0,0,0.0,0.0,0.646576364821542,0
16.544863906975166,0.8922533704918739,16.783628349091295,13.723672805138534,0,0,0,0.0,0.0,0.7771264185273167,0
3.234397416438303,19.563667143769646,7.827478807100674,0.5,3,1,3,106.46356003513071,279.65153679422457,0.1437355962063149,1
6.725687945800467,17.820121146414024,15.935761608172974,3.7421663735187978,5,1,2,178.78392859794627,335.01552757598097,0.2654008277621029,1
4.228178060221782,6.579611987324634,11.774557808633718,0.5,8,0,3,154.73608888656787,345.8784167189398,0.015436624775253538,1
11.77919872950719,0.6448945396358263,13.18458244076845,9.984280502419134,0,0,0,0.0,0.0,0.7624783773139211,0
10.808063445924438,0.42193973947493524,11.585709447240397,10.751280524390047,0,0,0,0.0,0.0,0.9530360016709968,0
16.78046327267782,3.5459035189720236,17.381482735967147,16.147443197555244,2,0,1,9.656201866567407,9.656201866567407,0.5938426410434507,0
11.572084587114148,3.298818202265419,11.983031254042732,9.511485105909419,2,0,0,0.0,0.0,0.47008246464037123,0
4.723749916062918,14.106574996172043,13.991250299041038,2.0968680155391692,8,0,1,178.65847631086305,130.52533956681015,0.16185801137603972,1
12.674018705977133,6.8469167789086445,20.066077557678824,10.335118161956242,7,0,3,108.31897401482654,266.61497560751195,0.12019550345305557,1
11.264030884771877,3.614717121947235,11.882622122537484,10.514469496536888,1,0,0,0.0,0.0,0.538050695114485,0
12.740825885077863,9.552650716387847,18.93631665193986,5.904245397313378,5,0,2,149.0843482791775,286.93500195377425,0.3404015067188997,1
11.228626744905956,4.059448217841584,12.829062172624834,11.070356900409683,1,0,0,0.0,0.0,0.8230379705232275,0
3.309786971474492,19.150456379560858,5.559186244369862,0.5,3,1,1,135.88236670225825,132.2803435131544,0.26099389136246304,1
12.300350427893942,0.9159912256331743,14.22867141274882,11.317036810370286,2,0,1,18.973081618059812,18.973081618059812,0.5018550989242815,0
8.178273470090046,2.405628459084228,9.178376984439733,6.830903228299293,1,0,0,0.0,0.0,0.8292617219659243,0
6.305707930270781,10.649974532419291,12.746985768592019,0.5,6,0,1,77.06732149585932,57.22659538516193,0.08552048426509314,1
10.879904477471614,18.214547862183032,20.484755450110598,4.501833995588166,3,0,2,85.89076553656196,132.11766506226516,0.22440273456596832,1
6.162420852252719,23.2688939695118,11.436224693787086,0.5,3,1,2,178.23931727147803,291.12021933099265,0.018966254456033973,1
15.252568628993696,0.9927142943410083,16.737053998857956,13.025637892392524,2,0,1,15.72966068591812,15.72966068591812,0.41083613185597634,0
6.3032113734336335,19.80606119798168,10.805297192808162,0.5,7,0,3,124.33577173854226,274.3027171934167,0.26197644182692864,1
2.0031581476486657,7.538721153483527,11.472081170329417,0.5,4,0,2,114.17267200079341,192.40130294864645,0.3162411859079022,1
6.037501202160235,17.314521068903453,13.56511213230388,1.6126106114978969,9,1,1,126.72840651445902,102.92648175284322,0.38037654074633376,1
5.948410071213735,23.421389725991627,10.515893577769258,2.434893068082713,6,0,3,171.45310644686043,482.73746733555646,0.07250010222062078,1
12.619504671650686,2.0114733903815933,14.969374948967285,9.73115024770849,0,0,0,0.0,0.0,0.9626449929608932,0
2.2535344189367628,21.11409584962407,5.118889519342837,0.5,7,0,2,102.95874421333407,162.57910506751534,0.25523709031858094,1
5.068103094208256,19.61029308052653,7.390705011975862,2.4994922680006924,3,1,3,63.572712908464325,152.98118385044214,0.39639446779867415,1
10.456567371141215,1.6740917235672552,11.44749043381185,10.397390131751688,0,0,0,0.0,0.0,0.5243695135298414,0
6.116896628220038,18.54607918596282,10.433558265585855,0.6536981496846694,3,1,3,169.63472165571443,373.1672457183921,0.16249963839076195,1
13.222768616113086,4.734212758337579,14.625535461609386,10.597950399305072,2,0,1,0.3167614188974843,0.3167614188974843,0.7346860754412607,0
8.585149998811113,16.25660474429206,13.092091554469338,4.814496837705402,8,0,2,54.467201267501814,84.39814093215213,0.13674624070494015,1
9.561467324749088,24.509010482699026,17.653137992238356,5.021146830344318,3,1,3,149.54212560234686,393.5026807878064,0.03876693082679794,1
16.432859591475044,3.963517028903757,18.320212327377845,15.974885097852692,2,0,1,14.608275057635854,14.608275057635854,0.671957010029034,0
12.318968434584361,3.339031099933085,12.440756390491481,11.146709480883349,2,0,0,0.0,0.0,0.40640207620369767,0
12.954072773106876,4.299272451675609,13.709516879134272,10.010984305761648,1,0,1,9.953759190955441,9.953759190955441,0.6856124241280719,0
8.416879369337378,1.5993978833388167,10.206853045328648,6.602474083805487,1,0,1,6.849504383726083,6.849504383726083,0.46477746886650134,0
9.656168293313122,15.41310707468223,17.59377636628218,4.597755233289499,5,1,1,56.89443528900727,43.67950349854246,0.010055890302525673,1
17.724372797113247,3.9842408838606156,18.1070772512061,15.01446941494697,2,0,0,0.0,0.0,0.981663625405527,0
8.850994297262835,0.9468043789593139,11.164963726913385,6.3266750173941,1,0,0,0.0,0.0,0.524662377663837,0
8.232405382152326,15.27407731245111,12.154506058143777,5.484220699410707,7,0,3,80.66219951022708,199.76837011498577,0.20341555659908317,1
5.5187698775487615,5.583413371481489,12.359582855445968,1.1443008984646355,5,0,3,55.781055380887025,120.11340093021334,0.04215877393165601,1
6.434226115636223,15.870792931501516,14.127682590476912,3.1686620989971512,7,0,1,159.63459033923357,133.9932570214418,0.29774728172159626,1
17.636907708052938,2.15902550392956,19.994333160785988,16.249537256857494,2,0,0,0.0,0.0,0.7647756104994052,0
9.963488002522805,0.624599053703167,10.043518290349423,9.926211221141008,2,1,0,0.0,0.0,0.4196952992915441,0
10.40607473754822,21.600653672561492,12.800263966210391,3.2914414236969813,6,1,2,82.20404447830789,159.08880910552926,0.18818932787086273,1
19.996491653861973,4.216514830760806,21.081801671180912,19.965454864443874,1,0,1,8.946648533323756,8.946648533323756,0.8739187726213233,0
9.357196873085869,0.7816571919641929,10.668298049435181,8.16652869381875,2,0,0,0.0,0.0,0.5762571238164318,0
8.503009226035424,8.21206292859298,13.228492614633836,4.559133577774826,7,1,1,68.69092601803509,58.2124184096523,0.39021093160836073,1
9.735602484008895,6.803914004004888,16.58372250384444,7.197811844181188,9,0,1,39.68038257670143,34.652815846343984,0.14312531188104383,1
12.493742953530427,12.339865341638948,17.02975071140486,5.393817394516365,8,1,1,61.39316422951798,43.04372348490695,0.09660249074242451,1
12.559519427117031,2.242426140013169,15.50146408580918,11.508702315109048,1,0,1,17.754487957866417,17.754487957866417,0.5909124876738332,0
11.69659944585127,12.56547787365746,17.48198065889892,5.914213058202308,9,1,2,76.3902167249543,112.30333972618755,0.39434337616437504,1
3.6942113071302662,8.981646256559156,10.395837133862077,1.3099501639415352,9,0,2,58.775417190151586,94.05765048621464,0.2910825480243868,1
8.861775005166988,3.736579127864432,9.020912648758074,7.232995837867636,0,0,0,0.0,0.0,0.7390433698220162,0
9.409710786517914,3.9283330097222806,11.430261146969691,9.064677976033622,2,0,0,0.0,0.0,0.9471234909070045,0
10.373893146095874,4.216866603375028,10.985221248669065,8.145196703800579,2,0,0,0.0,0.0,0.8821250660958566,0
11.031956026055388,2.1838858466165982,12.592498235755667,10.147162618643796,0,0,0,0.0,0.0,0.43344975908219685,0
13.801606151106256,19.425158158676496,21.218457080676483,8.666169229535399,8,1,1,30.453130703424186,23.582287282263852,0.37111659175012623,1
16.64703703244765,3.8288166052376997,16.92148590623659,15.105409528112949,0,0,1,15.984761884069163,15.984761884069163,0.9391699245660825,0
18.40972428195167,1.4377501971272162,19.408985675967102,17.130087186121443,0,1,0,0.0,0.0,0.6546956996059211,0
5.648262538394706,24.44459418432715,8.875181157720672,0.5,3,0,2,175.23118915550495,342.35934587347833,0.35363011852407394,1
13.143508396628475,5.967917638915312,16.331647790685416,8.65970220572415,6,1,3,156.929079923156,393.4355042941407,0.16975560722900418,1
7.5432787343956464,15.74833877199614,9.723313353825137,2.878600703343208,8,0,1,166.43331426558038,117.40365813333102,0.22281903447689366,1
14.496024592415207,1.6194777629018957,14.90477628769114,11.833335376966634,1,0,1,16.339153747885245,16.339153747885245,0.4765458813500158,0
15.137992566650048,1.6766450372946773,17.58555833388712,12.730298963604177,2,0,1,18.291688704434954,18.291688704434954,0.4546217889672651,0
12.958333745633572,2.028096951277212,14.996989255351624,12.757052547743935,1,0,0,0.0,0.0,0.7984916590326893,0
14.550339091791951,18.676860612907227,22.88669582018364,10.793889800292991,3,1,1,97.2241310053503,76.06075059804634,0.15726817382570568,1
5.7292693747763215,10.371592086659332,14.617772866614079,3.3100978506683516,7,1,1,74.09420646154474,56.6628979430701,0.06345487465983948,1
3.3769039651740558,5.372931728295658,11.814037543851473,0.5495343106865964,8,0,3,130.612080070766,373.89269368322925,0.0038155816102179775,1
13.794161174602023,19.80626061687903,20.13689216927462,8.616294012391222,5,0,3,30.203328674692326,76.93936682875201,0.301123597804404,1
18.55276391967061,2.4385943415768474,20.444672491259563,18.314204779781114,1,0,0,0.0,0.0,0.6508789598761736,0
19.91796486720174,0.5304602497397604,20.617124431156316,17.06682561275546,2,0,0,0.0,0.0,0.7864158622671664,0
12.978779907077513,16.647149101279318,22.867319748754326,7.1602074445604185,8,0,1,159.35023746595974,125.09604666045328,0.2747022881127636,1
10.65792258631568,0.17399599934175058,11.88567130767187,9.790343130418071,2,0,0,0.0,0.0,0.7029248890571842,0
12.297737374349666,1.8932119170204702,13.552129423262459,10.657860436519927,1,0,1,8.802415419698724,8.802415419698724,0.4546824034538244,0
10.56484025578293,0.9847681510436068,11.80311521661511,9.881505230929525,1,0,0,0.0,0.0,0.6873823368720828,0
12.737609221555438,4.766621324435692,14.193004944698442,9.81626771861865,0,0,0,0.0,0.0,0.7325018329666,0
16.484374031874612,0.8874091749550589,17.241043434566468,14.052182636183375,2,0,1,10.91805118533615,10.91805118533615,0.4205566736761026,0
8.496173753350519,16.878812418868105,11.683387325240242,4.103125281668695,9,0,3,56.42916092463713,149.28870475489987,0.13476876523069822,1
11.787843523787888,0.43469780346127085,12.45669354946115,11.223667824350661,1,0,1,0.2379566449031123,0.2379566449031123,0.5758935653519811,0
6.890618372837577,6.263210563282787,16.198706107487507,2.3965426018603653,6,1,2,78.4468100045712,120.99264279953982,0.10505344494642946,1
16.928593414742934,2.5160960359148103,17.13198260222727,14.757851313422991,2,0,0,0.0,0.0,0.8997589890357489,0
18.158734039535425,0.31933186670511926,18.253594154247818,17.38323233643664,2,0,1,15.073322758191626,15.073322758191626,0.5320397528708151,0
13.254454082388317,19.488446805386303,18.48494212436831,9.965987067938173,5,1,1,52.94428059086156,49.86932155303882,0.20409883992125827,1
11.3801522536943,2.4033505615253836,12.724138617700905,11.017813686396565,1,0,0,0.0,0.0,0.651255394289593,0
2.7011235769313258,15.330930207785245,8.73903937997414,0.5,3,1,3,136.1821042854803,377.6508540119304,0.07877339497634811,1
17.985136832997377,1.806331942029948,18.62522603709629,16.829984795386526,2,0,0,0.0,0.0,0.41176631948455217,0
14.2778977978117,4.493194641505516,14.771075850796944,11.865570059628306,2,0,0,0.0,0.0,0.7228405304408936,0
18.15722211568768,2.4522322996048773,18.26837809676816,16.551463911799754,2,0,0,0.0,0.0,0.5383831841285583,0
12.067639114073856,0.7154069770865695,14.641306669812575,11.141056416364467,1,0,1,0.32216437098673945,0.32216437098673945,0.4702270436237957,0
3.4766351259227735,11.830521508427276,13.193617970858917,0.5,7,1,2,105.05004835140336,177.5519574174267,0.06313229047244921,1
13.912091963732035,1.6949698508078663,14.352818690800817,12.255609482818997,2,0,0,0.0,0.0,0.8607165538755132,0
3.597845373049185,9.061411858401243,8.813460769970941,0.5,5,0,1,143.914305743473,114.29864142058672,0.18383981985528944,1
10.15512201865354,11.029768307087188,19.899289708474566,3.9374367269521002,3,1,1,110.13706660805747,104.9142790579867,0.2333688060732007,1
10.520404058437116,5.165305958917168,18.76008774276026,4.520587623969663,5,1,2,147.5005037886931,237.6795701580792,0.11957909123191213,1
8.10038791980973,0.41333518993271146,8.47889669025594,7.544152466328208,1,0,1,0.8976203294543605,0.8976203294543605,0.9520682879935772,0
2.376957676367324,18.796421426575236,8.231655704977388,0.5,4,1,2,123.30442188780138,210.04234767667757,0.326840853201046,1
15.387492760197519,0.06378239853715273,17.473181727440725,14.133495109436463,1,0,0,0.0,0.0,0.7824354987610809,0
10.691100597814781,0.4921735452249487,13.441520332039111,9.010584911112705,0,0,0,0.0,0.0,0.6241397716234484,0
9.60658159205262,13.858281960839271,11.879986304381319,5.6886692185208165,8,0,2,39.13683403072906,64.86160846357784,0.15973045855660414,1
7.141240364411539,8.493001309107362,15.931570386618263,3.352071097157946,7,0,2,171.33505792367492,294.06845720659254,0.13002305735672612,1
6.400846251448865,5.41023206046779,11.309311494235246,1.2119306876218356,9,0,1,52.16194866569417,43.21288880640376,0.07828310065551514,1
12.465193441534913,5.390451413959882,21.110710283119026,9.600569663337117,9,0,1,115.6279538316469,99.22280792548392,0.015281113502956424,1
17.936519429291025,0.7875027403790191,19.719514631070812,16.15568779595178,0,0,1,2.1657871296583364,2.1657871296583364,0.6525263498459237,0
9.28761452444807,1.0302428010644498,9.730270064934171,6.896771257722396,0,0,0,0.0,0.0,0.5880216438582148,0
7.070858854719168,22.27154006278292,16.5049466563023,3.2501395560215305,9,0,3,178.06235460089553,463.1744668638353,0.1112194993333357,1
4.211694255986917,20.237745577815048,12.39948639856906,0.5,3,0,2,81.13245232385356,151.7966576735392,0.07681346094459847,1
15.854794294683177,4.7704695745115036,18.18027708026999,13.443888853222097,1,0,0,0.0,0.0,0.4400501529104542,0
9.754169508071382,10.499583839472804,12.391330540349507,5.176553047380101,6,1,2,133.105869863671,216.09957220118756,0.10496312902829802,1
17.28376874066401,2.278081869834203,19.119480994965983,16.163209747968786,2,0,1,16.359695421544107,16.359695421544107,0.7526166817187874,0
4.6483261126096656,11.807696753550982,10.460869661249813,0.871933052375983,6,1,1,86.08918045601757,74.79804924740515,0.01892981205456854,1
5.260378356455515,18.794032847292463,14.077560338855609,0.5,6,1,1,104.71945112759705,91.51023493507788,0.1146642325148092,1
3.090673488175821,6.045527445444114,7.118330525559951,0.6451923321925466,3,0,2,73.88106427223548,133.74955132094024,0.31791910192831063,1
8.93577860275279,7.025303619748193,17.916370757133947,3.8899582668147072,8,1,1,36.22489565785672,28.416723952248336,0.09769348014563142,1
8.260866056764488,2.602852721495867,9.436181282800497,6.529499247021162,2,0,0,0.0,0.0,0.487171605847472,0
14.688917618414756,10.136631491341173,20.337935289987822,12.508796264110739,5,0,2,107.51040674100966,203.35210651855596,0.21885105702756025,1
6.095107577467062,16.510990156622064,15.699859304916057,0.5,4,1,3,117.15697369258726,345.59041674484007,0.32472524277831144,1
16.84395574072427,0.8901016214613516,19.317999458408078,16.015599843393893,2,0,0,0.0,0.0,0.9319537577013678,0
13.074420908709044,2.585751811419386,14.184417566588976,10.852081307227026,2,0,0,0.0,0.0,0.9600646043025151,0
16.950370860383998,3.9734028775540358,19.19360113816683,15.627022368088998,2,0,0,0.0,0.0,0.9879486596694282,0
9.958062566261978,13.659460996794126,12.52625910745659,5.030802930273621,7,0,1,97.66339312002472,95.0522325534721,0.3257203934686351,1
17.25885727194597,2.613468870222685,17.733134283794517,16.884648932280932,0,0,1,2.894212722730398,2.894212722730398,0.8867383350408147,0
11.326246220267734,23.865967944913052,17.54842389281875,6.086071066703608,6,1,2,90.31967325433146,161.34131681490396,0.22024531919405743,1
7.170476683095391,13.562271394944833,16.2124606388999,0.5,9,0,3,133.38924531989323,392.8577783756136,0.09999949408953271,1
16.275296228004894,3.396235006621373,17.032133106735404,14.515101645835639,2,0,1,9.6254790365521,9.6254790365521,0.7704125505928403,0
4.578843018020117,24.23280984630608,10.670583338361055,0.5,5,1,1,39.44571131005507,37.48291525940254,0.3138022409184869,1
10.246281644345931,21.366304233085433,17.373114735670733,6.383893072570862,7,1,1,128.92350871868763,105.78665103118242,0.3635923567659457,1
17.23003843428305,1.8428123451385692,20.110074076740425,14.768654563808104,2,0,0,0.0,0.0,0.4792400864614245,0
7.699717984499828,5.6058645295925125,15.864858200617924,1.9687705969573335,7,0,3,149.691478387995,390.21783173815646,0.0023082645171871976,1
7.302504049054666,7.278905388890871,14.711638357866324,1.089920918777719,8,0,1,76.6245151541242,76.26225092384914,0.3327032563208988,1
9.209759512097866,21.863558413056808,15.057601480468492,5.97361717060536,8,0,3,105.83787467765964,261.6188476738813,0.3507370127527032,1
13.377727457824331,15.244220336205693,18.612642897673513,10.40592435140669,7,0,3,117.45279711662045,342.73031220129707,0.3767965787535487,1
7.230817014037867,5.469180434423089,11.86615027303341,2.009607706214254,9,0,1,125.18024000491614,107.6316586135158,0.1570104793671309,1
12.695574318564608,14.028153408671379,18.70715367729799,7.570601935320158,6,1,1,101.39133263215862,74.70259372146695,0.37117368049480864,1
11.548331524191248,12.343476288625844,13.699378552801125,8.945149372040232,6,0,2,134.32326887664755,244.35838610294482,0.28157436293113236,1
13.893519951579552,14.783930359612311,19.495641499552658,10.69723503751579,5,1,3,67.28036158906393,159.70606728793052,0.3083258086657285,1
5.148546596170848,8.381154982674115,13.347413813626495,2.3703090482306868,6,0,3,79.6192492171565,180.00292193774595,0.30613297237381765,1
14.798768038761686,4.786568065956864,15.753257850029648,14.139910902323674,2,0,1,7.622010272236281,7.622010272236281,0.8316821387880287,0
5.7736878050918845,15.823761117140487,7.963418687538209,3.294953063287882,5,0,2,43.21898542508366,82.45278311073453,0.2929203082432724,1
17.843515527310128,2.0205492387147856,18.508018679871686,16.30744535998385,1,0,0,0.0,0.0,0.666883297035269,0
15.559046048735114,0.0891689509681165,17.18253072603709,15.293585361638073,0,0,0,0.0,0.0,0.9079206958740431,0
16.976416872099065,0.6947995262445811,17.733658311028744,14.781088586986048,0,0,1,6.951996289173019,6.951996289173019,0.8276630761101427,0
18.850294490629135,3.0108438469444163,20.329349116073644,16.493036318968937,2,0,1,4.1932184422340075,4.1932184422340075,0.93080499097201,0
13.144701701017777,0.9116759178910977,15.971604514721397,10.879497088622902,0,0,1,6.8133364164348915,6.8133364164348915,0.6262671907206667,0
14.361386780423784,0.6888146469925982,15.468555258449197,12.195094441620142,0,0,0,0.0,0.0,0.6765817553275237,0
14.498075385469853,4.217138978545246,16.7833035048784,14.323183773882782,2,0,0,0.0,0.0,0.5947967603111164,0
7.28613172814979,16.216246835550344,11.113403420689298,0.5,5,0,1,155.32292334649443,116.30513174796027,0.3417383931130862,1
14.240992198599006,4.151250963906925,15.498739946555904,13.659010329928815,0,0,0,0.0,0.0,0.8854196197043992,0
9.997966636402646,13.86360150289319,17.05953496763075,2.8206909318072952,3,0,3,67.0032644615996,182.636630889519,0.16377917505092365,1
11.575757535947234,0.059356733346796475,12.477724457629467,9.84153238839274,1,0,1,17.582204477859296,17.582204477859296,0.8876541119782957,0
12.069569785816432,0.35252477784128655,13.8096852495192,9.910486071433919,0,0,0,0.0,0.0,0.404864918131728,0
7.987358098309325,14.766698260086692,10.167915670896866,1.8657935976635098,5,0,1,76.8192415317159,54.06373145597264,0.038402778602461086,1
2.7055254100618567,16.932610647142823,5.400428673951319,0.5,3,1,3,100.17036180560088,216.74707929850106,0.23927297821680096,1
8.859117938903202,15.349220187685823,18.253952708453603,3.5646186034908647,7,1,2,34.55088702274774,69.07271332074586,0.24945113314452644,1
8.714149310767692,1.3666443833294535,11.488137375642479,7.651411301199959,1,0,1,5.926961537611614,5.926961537611614,0.8353409485359689,0
2.011775858199173,19.30473706965266,5.381253808880175,0.5,4,1,1,36.68550610689462,36.36164645121326,0.2864252213678233,1
6.143064344710165,13.970850987369188,13.15302292681443,3.2648259451763586,4,0,2,87.02924969627662,167.33663085659217,0.26525913175992905,1
10.88809409442007,5.393664307628274,18.773235374510993,5.9659978513226335,8,0,3,138.23647891275402,325.4304296573336,0.3341225843433801,1
11.426210611825049,7.4199953502413285,14.775823754255015,7.531436744775542,7,0,3,162.03776599225307,381.1036861527335,0.04238236453761908,1
5.78590314151759,17.283674479690784,14.22046575029497,0.5,7,1,3,94.8901988935391,242.24874816360705,0.25506561845943626,1
11.235521313028139,8.386637148138831,19.891441737910917,5.804431339685466,7,1,3,173.40295657298503,397.65834382180265,0.20666570393754974,1
14.682132957614751,4.6451044285840055,15.816038024538603,13.291105540295217,0,0,0,0.0,0.0,0.7525074876560675,0
14.461092888713132,7.838664215187972,18.89887533713696,7.525986076723042,4,1,1,138.04843747178398,118.5602392472808,0.1581956304734281,1
9.935120266372696,23.782173966204812,17.309078990192564,7.486644844554803,6,0,2,178.3313568206315,351.2131991603173,0.03130979229195035,1
12.357591083113547,4.223545835379313,13.612741096253362,11.035025745006,1,0,0,0.0,0.0,0.4427937936476886,0
4.735025208423613,10.805890313978292,13.027374455703992,1.7786836139300863,3,1,3,35.01569783416465,88.35245534254332,0.3817790779411954,1
14.301438409040067,19.667230294641872,21.40142883251337,8.42977187709869,8,1,2,106.07158239605776,198.54221416115726,0.3526890094065043,1
14.986168833735679,1.2440815766911106,16.969868983521277,12.856453696396855,0,0,1,9.923518522022306,9.923518522022306,0.8948338984461521,0
3.331128016311295,6.2301147291727705,5.741802986900716,0.5,5,0,1,67.8403634401269,50.676358932128416,0.3811641254254039,1
6.383858828832938,5.2840431234152945,9.611199464120038,1.8570436913779416,3,0,2,145.07522105165282,260.53792312599114,0.17837892212822953,1
11.449226358231483,19.157242069084084,14.675595642354583,3.9607153696790665,3,1,3,89.77530432059706,190.0772675808092,0.30899913843852556,1
2.5707599771982843,18.073973858101585,10.762249007787661,0.5,6,1,2,158.8783558082354,266.9992569960885,0.16168801755728648,1
14.635019159130357,22.005347886718482,22.28596933393282,10.89214540379083,4,0,1,71.81336992029438,60.414882397416186,0.36713896912814087,1
9.314332964225294,21.059326022171337,14.731393212612424,5.913082152667084,9,0,1,133.2560819078884,105.06704882128481,0.36536517526561285,1
12.410523430798822,23.365163358826127,19.234554154238115,5.592186123451748,8,1,2,44.02019053566653,75.0416627886196,0.064894219256231,1
12.82876697107969,24.74335679260409,17.37244562435663,7.63703277838063,6,0,2,134.86593080995468,263.40308089420193,0.14935142381473604,1
19.009474662692163,4.653312519835653,19.82081321910644,17.80840787988229,2,0,1,6.108884530969634,6.108884530969634,0.846762207402028,0
4.850838672562799,19.124649970635637,13.112051175145812,0.5,7,1,2,93.63685548098701,154.96872841776303,0.0563113360048928,1
15.046149537628361,2.382446986769131,16.023271542889358,12.881203904873153,0,0,1,11.07883467709275,11.07883467709275,0.6703494956896705,0
5.8745527962876265,12.66202867181169,14.559118476004109,0.5,6,1,2,145.07689926054923,221.11891428496264,0.3600939429728438,1
9.374074357627777,2.0042261782673947,9.994355929837061,8.775018079123239,1,0,0,0.0,0.0,0.6076643444694371,0
2.0342180225346462,14.018073061862964,6.853679874845379,0.5,4,0,2,93.26324704262942,138.7832639688016,0.19159757345572417,1
11.540639821694711,6.471625889793817,18.573548780991665,4.7825779759411144,3,0,1,69.09501821355022,51.74353023770608,0.13472764438698276,1
14.903355138257,0.654381667288435,16.276061681278915,14.098508551638536,2,0,0,0.0,0.0,0.8477529366101233,0
16.236399278944155,0.09177862189570896,17.17173221935922,14.322932741165925,0,1,1,10.353573364619145,10.353573364619145,0.89909447103159,0
12.189924638788998,3.351598169907714,14.11720435781473,9.396866811149884,2,0,0,0.0,0.0,0.6951141228358884,0
10.65976777541071,1.347450250666817,11.38791273580646,7.684748616915676,0,0,0,0.0,0.0,0.40115914857490315,0
15.884782190395345,3.661520961097329,16.950998410682352,13.42329285642178,0,0,0,0.0,0.0,0.5082542932488223,0
12.065614039125355,0.8781323278400116,13.32974486276692,9.684106302679506,1,0,0,0.0,0.0,0.4209281834920166,0
3.385273246080984,23.119783012984044,5.715275833854828,0.5,3,1,1,43.38098382254457,33.114761697531605,0.200852656367813,1
5.287114723913264,15.348025796499323,7.40680430996367,1.699837006557014,6,0,1,170.10547359885157,135.78366113022892,0.054332971365306286,1
12.090229396522908,24.429684300846212,17.821378335405953,8.25811011523617,6,1,3,123.78173007862726,369.82811571576116,0.21343589204416347,1
12.767556342607849,10.03706724691418,20.985973527759192,5.02491376660754,7,0,3,105.25692250327378,247.0610214974017,0.2594582636248252,1
18.35435092555139,2.3770811855200713,21.337701191188145,15.414392603690063,2,0,0,0.0,0.0,0.8626816289024932,0
12.912139050588712,4.477063555971094,13.399840256579147,9.925589704817737,0,1,0,0.0,0.0,0.873546273611278,0
3.538489338332413,24.929010102001783,11.836491759687316,0.5,8,0,1,152.28095663484748,110.46743912815143,0.24918915507523828,1
2.564931201915218,23.079600181116817,8.785440972769662,0.5,8,0,1,41.77907789123592,36.270999703582106,0.13282955632952817,1
13.03744867268515,15.431990259822433,22.50365997171768,6.201349645066736,7,1,2,80.26386514025138,114.03105989039844,0.11525005154187672,1
10.46326328964562,3.560940968370572,12.202602817353869,9.947692680394226,0,0,1,7.444905903721429,7.444905903721429,0.8323986727047175,0
13.074517621601347,2.828757821122912,14.170872075561167,10.266078615305009,0,0,0,0.0,0.0,0.5673797166521164,0
9.18254519140007,9.309388654984225,12.785352002987317,1.2393537608971625,8,0,1,137.66408172243462,124.44081858970651,0.33236899632874023,1
2.3004386900812985,12.460141997571215,5.490744960874522,0.5,9,1,2,166.54076568809248,296.16155625085435,0.23192870924002987,1
2.2383990571384484,7.552463724755065,10.272249643934838,0.5,4,1,1,85.06992529653976,82.71387828942122,0.1218543329174307,1
8.245725000346376,2.6093755518678847,10.156551032178266,7.542809702334842,1,0,0,0.0,0.0,0.9011375745076089,0
17.878716310957994,0.5152084671549134,18.561061073152395,17.869351356888764,0,0,0,0.0,0.0,0.7719387710562087,0
12.71174505904185,18.542025527147292,16.303083935163983,10.233313714465082,8,1,3,94.1112431856473,209.0510027800136,0.3654678389770878,1
9.39896274850943,23.56212178956175,15.641068553616218,5.277415872765518,8,1,3,141.27097128692583,392.87943356867413,0.26676215467368414,1
9.64512119611107,16.41379323153696,15.519250780988873,4.345247277807885,6,0,1,119.9578516665416,90.36084295212342,0.12149323563541814,1
9.38176544524011,21.63196592882153,18.84169968346155,2.8812109681182747,8,1,2,154.52658644993812,304.47409658399516,0.25370106138061493,1
9.84323235337978,11.240026122169006,19.12182148003626,2.620829574744757,6,1,2,131.31066557029408,209.33250524636827,0.03185664251560927,1
19.37444202343616,2.425359927815869,22.092769265377274,16.869371258321078,0,0,0,0.0,0.0,0.6384927954535766,0
6.85733064006708,11.658241924628065,10.26656194008996,1.2137306194581532,6,0,1,170.90025236144803,138.52410487028232,0.021587904570956697,1
16.44209772906009,2.9895549613166623,17.911778962212612,16.345601918092196,1,0,1,4.802532409030398,4.802532409030398,0.46048431828345116,0
4.301562828869166,5.570400496772965,13.575996000117561,2.2522240405358165,8,1,1,71.86277042269253,62.794688996075124,0.08091087243626759,1
8.560333727324979,24.511389267121643,15.490497640998512,0.9434451002468398,9,1,1,73.72753922267884,64.0554786707201,0.03989238893755296,1
9.68924549325456,1.1244840286520363,11.363647967639206,7.396966492615616,1,0,0,0.0,0.0,0.4152682859770235,0
18.712910515956263,4.424370618917294,20.811543937252903,17.31559992946248,1,0,0,0.0,0.0,0.6685743235993149,0
14.321226887233903,1.5835856101260803,15.095701390209339,14.207984936331604,1,0,0,0.0,0.0,0.6716608777068405,0
13.405868767038088,19.85817439907445,22.60472702183165,6.495452882051147,9,1,2,75.55814303867831,150.3430960463035,0.10965446687677534,1
7.748003479225575,6.136811414247769,17.575959196599904,2.2174021407270263,6,0,3,145.0393389523739,358.9008145491841,0.006763925302546836,1
8.757136174198589,0.5392788807675725,10.70788833313716,7.819671195770025,1,0,0,0.0,0.0,0.8967472372894386,0
9.658543567743076,19.41632632949831,13.588197764767258,6.649697052374593,9,0,1,91.19915433722285,69.620113061202,0.19300223655284535,1
9.040741016378458,18.50378831023248,16.107238411871343,4.265799753944898,6,1,3,103.81749856287924,226.82241845195827,0.06867759725139648,1
9.963706507586394,6.884207272249876,17.997965171868124,7.840640991664047,4,0,3,40.94524993885316,116.24411709310793,0.19721404861608194,1
15.20887729340472,3.4091651601642936,18.189381974591846,14.511870655632666,1,0,1,9.72893223382095,9.72893223382095,0.7751302351917113,0
16.1437932461944,0.3259988335307523,17.06609084383791,15.279857422396898,2,0,0,0.0,0.0,0.7749534818730739,0
17.407103349702652,2.5964004119763566,19.98095918590966,16.23296906961141,2,0,0,0.0,0.0,0.6967586624016789,0
9.00404361949651,10.153140459823103,13.93397306856543,4.3989240677156936,3,1,1,122.41662006235816,103.11123399042557,0.15666661715152355,1
9.507352442243626,2.0922339485811396,10.541038166207251,8.01290028149018,1,0,0,0.0,0.0,0.5364945345214375,0
7.517151805730965,22.207402745609613,13.854251880180298,1.3793373542402385,6,1,2,131.89749979703302,221.89122081622736,0.15515941158069194,1
10.320634360090732,14.895887098837468,19.113692343998817,3.07242245413046,4,1,2,33.24718538808719,56.91957129987213,0.2719914194603046,1
7.991970047955575,19.872573572014932,17.878424616022976,1.9888279801002096,4,0,3,55.814977897479324,132.5543504433704,0.12858499117912178,1
4.667376834137089,20.77103684016513,8.004943670515235,2.4966324830735545,7,0,2,132.13928049652543,256.13164514781573,0.35633070142970746,1
16.40257590614401,2.5115085883087103,16.901511006771255,14.286434227201756,0,0,0,0.0,0.0,0.9790189737459513,0
2.2399334475592942,15.912169288543012,9.89425748273381,0.5,4,1,1,79.59012149550028,76.25954917658069,0.18950406149548812,1
14.967437125788244,3.86545070808556,15.965456085379216,12.47318725999731,0,0,0,0.0,0.0,0.7036217621364884,0
11.440367754303995,15.19864990815297,14.478465622274111,4.9399998094379125,3,0,2,134.85411210631423,209.25947513653864,0.01619512973132178,1
14.157831532221376,5.235301887339954,20.860917067659628,9.14945266064943,9,1,1,132.01645476499158,118.91038986957193,0.37693379797401483,1
8.503672714922072,2.3554142535225657,9.697531883526072,7.573231051649666,1,0,0,0.0,0.0,0.8674563660290622,0
13.961241357525964,0.20609022975849767,15.714045963719467,13.815541398348076,1,0,1,8.19036960557428,8.19036960557428,0.6248386135214559,0
17.947158694316144,0.5449999493148805,18.271528751747432,16.66355014975717,0,0,0,0.0,0.0,0.43560293848383397,0
18.5974328800973,2.8852093099501253,19.659491794193336,16.134703977885454,2,0,1,0.909730829445492,0.909730829445492,0.9073757800690113,0
17.84752872102844,0.6397497045988243,20.841274124265304,17.07177605637012,2,0,1,0.08688135568179822,0.08688135568179822,0.78719175000257,0
5.868107897463293,23.254020207142208,9.410530254876146,1.5318998351748903,9,1,1,135.8393684664738,102.86339017117427,0.2211367183939073,1
14.423077937157629,5.572623876713056,18.020904178047523,10.969214298832942,5,1,3,112.61149213366082,265.885084011971,0.2453781890271961,1
6.33699358270986,5.75876625871871,9.512676829940352,0.5,9,0,3,158.82208720122853,351.61463267353173,0.22625795295391546,1
11.162345869718427,23.101562555889622,16.639207100656456,6.233792308128572,9,0,2,109.70412475429002,166.83257171574672,0.11386975677872707,1
13.644167104557605,1.5867704180012832,15.512045186643363,11.68588783662923,2,0,0,0.0,0.0,0.928078812060185,0
19.49196169770768,4.33852729883344,19.498384455744105,18.35123819846751,2,0,0,0.0,0.0,0.8848466006203752,0
14.61780088214696,16.098632887486865,18.081192869517466,11.830507984556842,7,0,2,106.96041342951571,201.98511874317586,0.3107441307593126,1
16.49628540797494,1.2710891453334412,19.082537665495636,13.815955011846146,0,0,0,0.0,0.0,0.5857251951172529,0
10.95191120085505,2.485702318761007,13.379939687071158,9.540297396484226,2,0,0,0.0,0.0,0.7031992200015282,0
14.031677659706423,2.45905661161228,14.547044988139724,13.195536514282976,0,0,0,0.0,0.0,0.6372430063178246,0
14.814091526620656,0.20985251703033503,15.344362128891039,12.21910960753205,1,0,0,0.0,0.0,0.5731997816052763,0
17.908057351753737,3.488985165312619,18.154757016285537,16.65326510904601,1,0,0,0.0,0.0,0.6878628146694267,0
10.463260094607902,1.4645287335086454,11.501593055890247,8.223080783004807,2,0,1,3.055008633352332,3.055008633352332,0.4497562915058356,0
13.663248389063533,4.539453002064164,14.75281597733608,12.801791598750647,1,0,0,0.0,0.0,0.893650008859074,0
15.481257604329345,1.7182365422269923,15.943306580452443,14.6857889152134,0,0,0,0.0,0.0,0.6855890142095322,0
16.746825629489,4.762456502171623,19.251734277932556,14.038122595998885,2,0,0,0.0,0.0,0.4869116963609465,0
10.018563228010521,2.1231557989514545,11.401479384777467,9.957087087376598,0,0,0,0.0,0.0,0.6213295129335336,0
6.686927932071421,20.96991927207826,12.879229291012116,1.2543290302416708,8,0,3,61.2541183612286,154.09045156963109,0.3641385385234621,1
8.48349474619511,24.171306692873934,16.361158790784692,1.997052432344958,4,1,1,37.41711550190209,35.71934420021168,0.0039838964817213275,1
15.531438487792471,1.6092331760066014,16.27087221652268,15.504421494999045,0,0,0,0.0,0.0,0.5822842754418206,0
16.966090046475806,2.312816541568998,18.770242714782,14.59690526105192,0,0,0,0.0,0.0,0.5908058228885789,0
13.18079388611419,2.2649905041498193,14.71944169364291,11.041699516988878,0,0,0,0.0,0.0,0.5002794503881527,0
17.363111971045736,1.6505589892762056,18.330004391254462,15.689703927418297,2,0,1,10.683797836172385,10.683797836172385,0.8073418125158242,0
13.187255453458024,2.0638153637439682,15.479992316015164,11.439593942332042,0,0,0,0.0,0.0,0.4258766729312972,0
18.241767998317876,1.9907747229238748,19.148918816655158,15.854647943033363,1,1,0,0.0,0.0,0.7375924718027855,0
3.3592079559633152,17.249790141941666,11.262832917986824,0.5,9,1,3,123.46993811290272,314.2471423910271,0.08450549292350718,1
9.066721590047203,14.359707322078838,12.08506185480783,3.169658629035661,3,1,2,158.74370033296591,251.74508616630152,0.38851898412263686,1
14.457265239022542,6.8202361376503395,18.305554342599017,12.177785586503292,7,0,3,88.77645193992785,211.20240857349856,0.10061822125317793,1
7.978064051705617,8.8398390046158,11.777064786151184,4.348795439694983,6,0,2,153.5586429205481,252.74264439784656,0.39632054237837516,1
9.199869072528868,15.59549830513597,13.77376531139509,6.749736539171359,9,0,3,102.28100759174853,266.6245810416238,0.23747504773480826,1
13.946668284511158,0.0893676541815791,14.950836345255114,13.395048562348185,2,0,1,3.87400585571404,3.87400585571404,0.5250302074052953,0
18.935073822011457,2.0187830523917327,19.55832164104803,16.988833010301494,2,0,1,13.323859205328624,13.323859205328624,0.9345141787165832,0
14.096208695527686,16.882429329983765,22.504274641111014,9.712964869686303,4,0,2,55.91844778236948,90.28504953354455,0.11629754635626957,1
18.83331257317454,4.8114577083629335,20.79412143078022,16.318834968971277,1,0,0,0.0,0.0,0.7474685619253632,0
12.86189206420329,1.5218389171477549,14.909371165414736,10.319184919895806,2,0,0,0.0,0.0,0.8504868288246634,0
9.434305961832518,22.886057866372962,15.235887717488113,1.7636009177772412,4,1,1,100.54327150547638,84.21927570533516,0.3934570124131247,1
6.709840623664388,11.372087425653088,15.867834391470772,1.7294976670753188,7,1,3,110.82290508745035,277.22381584866525,0.22592732558407885,1
2.6235782615331864,22.640963720153973,8.178728812859344,0.5,3,1,2,135.68790482000253,198.03876552437623,0.36355497615458715,1
4.659716985793086,8.63015923242991,6.771570689564004,0.5,9,0,3,172.60691249960436,455.33983994144546,0.005947589738207882,1
3.8597888686612,23.492673551954063,6.6918885029418425,0.5,4,0,2,35.79249084183763,52.86429430072481,0.08985551057164365,1
18.54220650876819,0.3572569030471118,18.639586934055018,16.30853593745445,0,0,1,8.861518658668977,8.861518658668977,0.49944940923307296,0
9.154957893688596,2.946058617263102,11.034349459450764,7.540719265066434,1,0,0,0.0,0.0,0.590048309954461,0
9.635024168676583,4.48941688882241,10.362755777370394,8.575610788833053,2,0,0,0.0,0.0,0.5453954381477929,0
10.773067065614823,2.545017227413091,13.436521410509819,8.691793304567597,1,0,1,10.48898788944504,10.48898788944504,0.9885439349740778,0
8.300181822690249,3.0193899481204394,8.736131191700126,5.904559076843987,2,0,1,9.72818197982173,9.72818197982173,0.5348500229064145,0
4.150211758517667,20.5432239241119,7.982109240920161,0.5,6,0,3,56.2049445335672,144.10653986052372,0.10459716149104775,1
11.856213202276654,3.623045967941586,12.710826822783083,9.598793929469375,0,0,0,0.0,0.0,0.603452567957608,0
8.574387186873285,2.039300127954567,10.689490753663282,7.893775637878802,2,0,0,0.0,0.0,0.4705597699592211,0
10.697754794122215,4.998178127127219,12.184956180029596,8.383464827143406,0,0,1,0.11607537685882185,0.11607537685882185,0.5805746293352034,0
17.529952506051316,1.01233771047875,20.40708449666554,16.022744125610934,2,0,0,0.0,0.0,0.8015987072216434,0
10.787188709570303,4.487414423977123,13.375554346584476,9.259938789500449,1,0,1,2.61396507496626,2.61396507496626,0.504023894054505,0
7.310336055469553,11.974056216859568,15.41951231565531,4.728627699709264,5,0,3,171.35152615070362,511.9444114887846,0.035427269530032036,1
6.84120865845963,20.52782737305452,13.6086231553935,0.9750144555042262,8,1,2,68.19139939429589,134.29057124374606,0.254182871847556,1
11.389231515095378,19.44042286720058,18.72099308352502,8.580908844551397,5,1,1,134.61919008400903,114.67795668098923,0.010252899953769035,1
18.2220417058272,2.6212896395191776,18.908868714245536,17.857173033786914,1,0,0,0.0,0.0,0.8779940409946857,0
9.37029614723551,12.964199282359903,17.546011622034577,7.1397422734011595,5,0,1,73.73651543636478,54.465028966034396,0.3421257857451754,1
18.66910877898752,4.6891360349619156,18.82999395010187,17.166200873410915,1,0,1,8.98591641792509,8.98591641792509,0.5722654665565419,0
11.925527101364763,15.215840609977677,18.379676860544688,7.457995973902788,6,1,1,94.86710394078206,89.6522850352108,0.07851488005723045,1
10.394874429898941,21.92006846794794,16.172457138844344,4.0331512175003414,9,0,2,166.53325521154682,263.53321497529157,0.17989016423684245,1
9.202782538115432,4.660808596068161,10.326390995468556,8.960444896492401,1,0,1,11.859769775650197,11.859769775650197,0.8535507487750825,0
10.813386185696475,3.65803972184262,11.584079603830164,10.287779096924355,2,0,1,12.244181265144316,12.244181265144316,0.49173226938879894,0
4.807196652261756,7.55707635817391,9.306443833698811,0.5,7,0,2,74.99608622317987,112.21098469357358,0.2590342355207229,1
9.843422642052214,0.9000902252540338,11.14424074228082,7.422724598293147,0,0,0,0.0,0.0,0.44603642315692354,0
8.437230699206662,17.184453255387094,12.636497399064588,2.136444399010438,7,1,1,92.16719025532193,67.46768816980298,0.36928353434887606,1
10.761030901040023,1.279903794214986,10.857085060998376,9.870878546302901,1,0,0,0.0,0.0,0.5152251961354024,0
10.377250330893048,0.1290358409561554,10.438090252195309,8.510304261530255,1,0,0,0.0,0.0,0.9470639691032197,0
17.909101491403618,1.7582386705695219,20.62673075769222,14.964047973592471,1,0,1,4.468250898592501,4.468250898592501,0.4485080809859524,0
18.305015110290704,2.017851962248007,20.412203537911985,16.633817312238953,2,0,0,0.0,0.0,0.8465025983096914,0
19.113899966310417,1.8942480596109452,19.634582006528873,16.37538339172849,0,0,0,0.0,0.0,0.6344304653527745,0
10.959409072288087,3.3418035105869706,13.17985725338086,9.615022973892609,2,0,1,14.085685397585511,14.085685397585511,0.5516853467789893,0
14.73343690145292,1.5011272712382917,15.934141162365885,12.66377070473771,2,0,0,0.0,0.0,0.9220331158655697,0
15.926388985237834,3.07321409467443,18.47404641932015,14.485588208240952,2,0,0,0.0,0.0,0.8517657326101824,0
18.688947102196657,2.9405259912099897,21.441501007845368,17.049379728699403,1,0,0,0.0,0.0,0.9691936946239389,0
18.523027182450164,3.3802800250662655,19.593978258870504,16.98496296546373,2,0,0,0.0,0.0,0.6797817939891386,0
14.261878699399427,0.9673792470718406,16.93796904562877,14.168693730130325,2,0,1,18.137456636381057,18.137456636381057,0.6906836854199155,0
9.364065877735246,7.987690935424558,15.117394266274435,2.3773025774287717,3,1,3,32.35085608330887,80.1071391640576,0.034251692291414226,1
5.475284128714799,17.609165944848485,11.714568997202392,3.0613602791627157,9,0,3,48.35078639432119,142.54597907820994,0.18445671115227996,1
8.374654457147436,20.454882890928243,11.721736843571872,1.769679456091593,8,0,1,150.34332245455312,149.8112646255173,0.13854540124339773,1
19.245739601781462,0.8352089066907631,21.39867636080969,16.980803402333972,0,0,0,0.0,0.0,0.4291302563253179,0
10.65691891751828,0.40930752958146965,11.55933740077458,9.98350030923247,1,0,1,7.365255797438264,7.365255797438264,0.42733009357921153,0
8.904422493074021,13.16443645176464,13.095162645868093,6.116482994488116,8,0,1,96.27721307607855,82.01965790479116,0.1523540488435074,1
8.113054474920656,20.388733232021927,10.954989659541875,1.4993516719642797,7,0,1,100.58877237026755,76.79148617233595,0.2146515617207216,1
15.062308176720364,0.055235726063888047,15.241440891349537,12.083717875909707,0,1,0,0.0,0.0,0.6173072545348877,0
9.248911477018964,3.946667411702762,10.845903284780272,8.372040958891205,1,0,0,0.0,0.0,0.9164359973239783,0
13.081102779762016,0.8622053964661536,15.528230589768235,11.871321516094554,2,0,1,14.92164313145786,14.92164313145786,0.5228809149635002,0
10.244963984576993,5.363159312141576,18.024654467288624,3.2317509769679917,5,1,2,91.57749605438258,175.79923591351775,0.2969682047485593,1
19.28146271972639,1.9116308228012013,20.622421590150644,18.513507858354057,1,0,0,0.0,0.0,0.8602075179884616,0
10.594262886445705,3.8574243740846286,10.654915446889097,8.581982821311103,1,0,0,0.0,0.0,0.8692540087741659,0
9.944268996373276,3.697622171336122,11.244904365845356,9.225484347477103,1,0,0,0.0,0.0,0.5077802958232844,0
16.065260804165177,1.260975807139591,17.039512631066785,13.560865326425356,2,0,0,0.0,0.0,0.7481993141547454,0
2.8436898240124218,17.51866073697414,8.178483739959642,0.5,4,1,2,171.06020583932784,296.3973073252519,0.24008744442478777,1
15.705549762371124,0.153932844303733,17.876958092262694,12.989143685958878,2,0,1,6.516600398747889,6.516600398747889,0.5425685201167856,0
19.026833172148258,3.428515256944686,21.26007731425496,16.523699581179034,1,0,1,2.5645989460754826,2.5645989460754826,0.5591085250781938,0
11.925098072019663,2.4403007813483146,14.748519077457184,11.243650805508825,1,0,0,0.0,0.0,0.9927851925864222,0
7.6873627312207296,10.120889727522558,10.646509828379717,0.5,9,1,2,129.1695880238575,184.2453025331861,0.3346375116523805,1
7.618951981383549,18.358674709114847,13.054302276201575,2.9712251645838883,3,1,2,104.03591899034716,189.129834958281,0.10846014447088784,1
12.945675330281526,5.207274446943542,20.037440998682303,8.582367520631824,5,0,1,124.15991033433986,93.86785781930047,0.20408637363136167,1
18.514440346699818,2.3124713700621906,19.3527676134075,17.821541302051724,2,0,0,0.0,0.0,0.8010191359542598,0
6.125840329876871,24.25510694848652,10.910403296765992,2.046835005682401,7,0,1,164.55577743760267,159.7050849709483,0.13140362173514528,1
8.298510584175265,1.8841778050808284,10.985907156701789,7.474599944724316,0,0,1,6.762870764483924,6.762870764483924,0.5505354258123107,0
10.496594578701202,1.619254432785016,12.406185506943153,7.8519612274834065,1,0,1,11.267674813323312,11.267674813323312,0.4682574774883911,0
5.900396247741456,10.633060193689277,12.734312330398595,0.5,8,1,3,134.13402240625567,389.4367679493768,0.25349280202305474,1
2.694378922244132,17.302531651006234,5.073567545693444,0.5,4,0,2,113.07463738017353,207.87914192056078,0.01693397836099684,1
7.954870207947587,7.636732356070284,15.269624539665301,4.670555470582982,6,1,2,138.6811011091472,247.83453758108251,0.11294642702082287,1
14.285075179112857,24.753422544669842,20.072554404982405,7.470364706223895,8,1,2,51.383438570241005,97.78147455715929,0.29248552799851246,1
9.56778598035978,3.1996534372526235,11.884242974839125,6.985980730778908,0,0,0,0.0,0.0,0.9671131478557267,0
7.753657303217963,7.292798871714137,16.4490519424923,5.587866306082379,8,1,1,168.55340115328053,135.17108105104927,0.2011576311761677,1
4.048947537817286,16.806240209815233,11.99296288598487,0.5,8,0,3,84.46930657344538,249.72870755569497,0.378523559683355,1
4.305046295794384,22.253481406637782,9.447133647192137,2.2788024020963276,4,0,3,46.5812046625103,136.47749774373665,0.3004593471290331,1
17.230241479951136,2.144271806533192,19.505608721878517,16.114832506127527,0,0,0,0.0,0.0,0.7347404672863056,0
3.807768635321084,9.37960459783115,10.429873175302744,1.4169616266573177,6,1,1,58.613149461489584,56.555397105769266,0.28320453234851584,1
12.60155401457231,1.5670668242683505,13.74331559926561,12.545909427399087,2,0,0,0.0,0.0,0.4266371589815962,0
19.878705946878497,2.0343953131233543,19.91159690627313,19.369328028225656,1,0,0,0.0,0.0,0.7804772865200817,0
11.529314793227556,10.38420115751244,17.11822081586493,4.230516419262808,9,1,1,93.17870697380862,88.69401691995772,0.23610134610387778,1
9.554381181072653,15.119666583141269,14.743511862643725,6.836598543976232,5,1,1,131.3183427034876,95.38437817966698,0.27323206938965416,1
15.134601213740538,1.4543196756484926,15.934092813779074,12.846995877578479,0,0,0,0.0,0.0,0.8987944427711498,0
3.3027475376568187,18.474232954416976,5.364824724356215,0.5,4,0,3,49.59161400541987,147.12138610501242,0.253934462391687,1
13.11477749917717,1.6613953519599833,15.816954929549121,12.818158412548263,0,0,0,0.0,0.0,0.6663500188279239,0
12.811320522201301,22.920567306499862,18.128281021373123,10.705093851761877,9,1,3,33.74563506511968,82.99927338501708,0.39438412084613994,1
7.50801097599535,11.142999003799044,16.748715963101464,0.5,4,1,1,88.86778273027619,69.6541627530602,0.372564131117224,1
11.1495237368082,3.2251566727597507,13.695240965554339,9.944633111809894,2,0,0,0.0,0.0,0.6598456615520756,0
10.191956586284164,3.0493436749276888,12.370274791392418,9.248526678684632,2,0,1,5.261030280238746,5.261030280238746,0.44260064770323415,0
18.670228398090515,3.3779993408706255,19.41926956203205,16.949474577229147,2,0,0,0.0,0.0,0.5762058480150617,0
12.230438536227538,15.920491866415006,18.60666370762312,9.910397558196436,5,1,1,76.25326059484654,73.61100584525515,0.270493494016191,1
9.065946918863608,21.810717598983874,18.132893303110905,6.103583668826737,5,1,3,30.53049355548369,89.69914138602898,0.14458043390981667,1
4.263420217932055,12.563032265849222,12.694968464140471,0.5,9,1,3,32.68177260522271,74.99190932679765,0.027791993953412766,1
17.077732146084948,0.5528959353432972,19.592745607865105,15.411205210898498,2,0,1,2.3880128415262725,2.3880128415262725,0.86985920575009,0
4.916768760000936,12.056882367470001,12.07941526263711,0.5,8,1,1,48.22667543064992,45.47875768274556,0.1925104602046467,1
7.5106967759609775,15.184231704920851,17.071101203117806,2.221474139208068,9,1,3,156.29581780609436,393.4670485549359,0.3044241535869905,1
10.672985243284447,1.6882808440046975,12.14403656645143,9.722328586767635,1,0,0,0.0,0.0,0.9218611408083556,0
12.508740972298616,10.26807223911689,14.540175543676359,7.53598581488095,3,0,2,108.07906692137455,198.27384735168104,0.1465314098795034,1
13.756327017923018,7.55586976515644,23.33982578896023,8.325031488326358,5,1,2,67.60977390030817,130.94142518744795,0.2860422454472357,1
15.9652008334604,2.071002771523217,16.09887072831336,13.611876207248214,2,0,0,0.0,0.0,0.5925288394219861,0
12.552276770370842,20.178244977740594,16.67867214580022,9.645730484738527,7,1,1,87.75618567606175,83.45103898950931,0.37998200373288166,1
12.530545075946685,3.9434321461571202,13.584870096358735,12.029244812649784,0,0,0,0.0,0.0,0.9133067052319046,0
17.587578830404947,1.811141819693301,18.23996508117911,14.801166770411577,0,0,1,2.792846604191672,2.792846604191672,0.7310675702354172,0
2.8475064284009832,5.998449713267582,5.7719600190916935,0.5,8,1,2,72.23614287832953,104.49372335747508,0.058035778655655304,1
8.269907955626486,4.2822152232271495,10.353099938066226,5.9656483317033375,2,0,1,16.42247252235449,16.42247252235449,0.6609881187328271,0
11.234740319029514,0.5008466311866494,12.292033395687737,10.025821918659332,0,0,0,0.0,0.0,0.6287594314534284,0
19.41375477686496,3.8105423334871875,20.701718277678076,19.25065624154441,0,0,0,0.0,0.0,0.5792818384499647,0
19.98333712444945,3.1482061711622866,22.368759291984016,17.638099548003623,1,0,1,19.02224401952533,19.02224401952533,0.4462191999904684,0
13.493913768814384,19.96290538206282,23.431902402058988,9.113156480020464,5,1,3,122.53261079495923,316.21886973401354,0.08730779314135445,1
5.078374449749544,15.050592534033111,9.247796735439172,0.5,6,1,1,44.71783108507687,37.29801317274605,0.2936017402398418,1
5.713644855007399,22.295339841843955,14.794599422268567,3.444032140291041,4,1,3,165.20802852159858,360.3006120114616,0.05277193030152434,1
3.3860505464705053,11.911617466973949,6.573133572210327,0.5,9,0,3,68.38243290671628,155.71572873155478,0.00635735725600144,1
14.73263407428655,1.9196961151862946,15.538816482680922,12.776454446302676,0,0,0,0.0,0.0,0.5868433870269268,0
13.240568480568593,14.868885585654771,19.817743502859795,7.823972381999464,5,1,3,114.27759795679479,267.18387431007017,0.05198817464752503,1
7.295612551182848,18.977721702341356,16.528960947564663,0.5,4,0,1,137.1081495983186,108.01158160060756,0.12893332472018945,1
5.997008249435839,24.69875737941727,14.509423660807276,3.0090801198996617,3,1,3,47.14369287552849,121.63093049718769,0.34319808909094346,1
10.587308756986285,1.9964962801289294,12.110991385580117,8.156691208476278,2,0,0,0.0,0.0,0.710372060660756,0
12.615482973670634,22.370129413707822,19.7308800950832,7.930429179552594,7,0,3,31.535078461313628,66.85258719161509,0.003339895005507865,1
5.113353289411688,9.424430283645984,15.007726042850862,1.2773166581580293,3,0,2,87.61723668656539,134.19100428540128,0.12210145164017723,1
16.452866529950903,3.56095864126602,16.73692265413467,14.256571420482828,2,0,0,0.0,0.0,0.7849421773390599,0
8.067825258094217,4.959985045074255,8.616506575081814,6.657078301114288,2,0,0,0.0,0.0,0.8038964396681585,0
17.36230315361638,1.4528175578872764,18.195761637732524,15.360647321836005,2,0,0,0.0,0.0,0.8355812675970083,0
2.3924961993834524,7.106677884899286,12.116381455446923,0.5,4,1,3,107.33204911127132,280.4301121237588,0.08863737217577894,1
11.71463803283181,4.610656627647051,13.684806152202,10.405584449920974,2,0,0,0.0,0.0,0.4783746898459548,0
5.163470485371599,22.54958391817665,8.755612021491496,0.5,6,0,2,109.98009965535603,160.5752130480191,0.23547558973440644,1
9.119937443237916,0.8632870054879488,9.156809426704928,7.3389797048974845,2,0,1,7.22765223131085,7.22765223131085,0.7756357188656975,0
14.608587444462923,23.494179840911407,24.090748745118393,10.418566470960613,6,0,3,148.5366713851721,366.3803205642538,0.22573568927286938,1
11.276143946480381,3.1322468411405566,13.75994692103595,9.153779571281678,1,0,1,2.603889197407334,2.603889197407334,0.4487674629045327,0
10.173687935764923,17.593453037197747,20.06899764951062,5.785428891140349,5,0,1,66.15979954984851,49.37963679416727,0.3545780045589029,1
3.799754248052025,7.395338638217699,11.399672924469295,1.7632543825622697,6,1,1,46.66458132689857,36.07880177836068,0.11915053260911734,1
12.77548732754923,3.373369960115809,12.942403305535338,12.403669744755913,1,0,1,9.210546622727524,9.210546622727524,0.6883724401699864,0
17.81451965465708,3.4594052309187484,19.803708802044657,16.23428316724226,0,0,0,0.0,0.0,0.8537990718880955,0
13.73452766783669,2.14941379062424,13.767611920643391,10.954856322411176,1,0,1,12.315526293953045,12.315526293953045,0.47819701875381543,0
2.6240299341916806,16.341599411470618,6.567119827189993,0.5,7,1,2,176.91307705163996,279.1006764477017,0.34835671618712244,1
2.2733224938548284,14.317426173927368,6.183039965335337,0.5,6,1,3,96.00094778990291,234.3737295916824,0.3086659753090809,1
16.452632942208517,4.4519939454027595,19.200304846418625,15.619486024486799,0,0,0,0.0,0.0,0.9547675193997831,0
12.008926609014168,1.3622322055441582,13.656393681384886,9.843367127414831,2,0,1,2.35106523250876,2.35106523250876,0.9066192947278578,0
11.950921745162923,0.43976504184364495,14.06583274658454,10.8705266818413,0,0,0,0.0,0.0,0.5858551379551724,0
9.12556084476364,14.06029500760377,18.147627582305503,6.525370818360718,4,0,1,131.87961830284195,126.86465628687928,0.14914813227234422,1
13.172984557801886,2.00667971549713,13.257957630442968,11.087147853699655,2,0,0,0.0,0.0,0.4022470568267709,0
9.28588036312308,1.9586388181558911,11.05369564683434,8.45882267241498,0,0,1,0.6819139570654054,0.6819139570654054,0.8108822173875136,0
16.492431554596205,2.0294387630236272,16.585838768387912,13.590226663890515,2,0,0,0.0,0.0,0.5901671731813513,0
8.96039083719124,1.211649057268695,11.281428876628992,7.37433327615478,2,0,0,0.0,0.0,0.715509781758288,0
9.383495118603204,4.638213527542975,11.846921393094835,8.709202684277136,2,0,0,0.0,0.0,0.44360938935388894,0
10.09455060204196,0.35407350692882256,11.295207888658393,8.363784186243029,2,0,0,0.0,0.0,0.7060831251462412,0
8.315081825718872,1.8836937266547733,10.402746898754579,7.557296546361472,2,1,1,10.877873929852822,10.877873929852822,0.9261086644924672,0
10.85914896007916,4.2554594111607225,12.530806094869291,10.238625845648476,1,0,1,15.845799066618046,15.845799066618046,0.4144796672155322,0
16.76806414687851,4.966930560143345,18.804409229589048,16.07252867722861,0,0,0,0.0,0.0,0.7902193362972674,0
16.994319305694916,2.5493702815320143,19.42678091920937,15.68308505742249,0,0,0,0.0,0.0,0.5274488395139292,0
3.6299559727942463,8.791909803533855,5.884269169235347,0.5,5,0,3,78.45653769279036,197.50668708108861,0.16603125160311963,1
14.451651209572368,13.086248624395175,23.45428387067563,11.315513843488379,6,1,2,117.13708473694176,207.95976266138518,0.020688353021861384,1
2.966301340596542,10.778286316076235,9.98581340205375,0.5,7,0,1,125.12851153817866,116.58979682195776,0.12987158253512043,1
18.347638832316786,1.7263724720928586,19.367326295802286,15.647784620597507,0,0,0,0.0,0.0,0.5571853385671105,0
17.566874900273604,1.5088961156813823,20.10956928910909,15.290079054429558,0,0,0,0.0,0.0,0.97249340166622,0
19.188865953759418,3.535480380805558,21.87561552373296,18.4794448016605,1,0,0,0.0,0.0,0.8733705379247401,0
12.187939223622932,2.2692662784252615,13.972844295647342,9.26611747290316,0,0,0,0.0,0.0,0.7475606977451196,0
10.482834738210869,3.9782067244272836,12.37776820644536,9.529553217736005,0,0,0,0.0,0.0,0.6086030448813469,0
15.29565401117795,0.5129228016551041,17.85236358610568,13.49155113020775,2,0,0,0.0,0.0,0.5254509052952381,0
4.031173485274918,24.150544556216932,12.261078740676231,0.5,7,1,3,50.704141340684515,137.20806444004174,0.23845522467861394,1
2.177578484658796,6.552958307065815,7.311136688745512,0.5,5,0,3,66.97819437590525,189.06505033441258,0.2448198485792613,1
2.017783796725978,13.931986026972536,6.231543777064372,0.5,3,1,1,129.65631162773434,117.25355867111237,0.015199134921896862,1
13.817336721085365,0.528894534470335,14.651102753393442,11.146393352444411,1,0,0,0.0,0.0,0.8938573481773802,0
15.669736857477748,4.103912245864519,15.846746859475049,12.951401603137775,0,0,0,0.0,0.0,0.7532767175081377,0
7.845838061507044,21.113695777537846,11.138766547349423,4.088824326745482,7,1,1,56.343717199325724,50.573374155366096,0.3901753159414283,1
18.341782113750888,4.6690900840364105,21.023638895408528,16.01293712169601,2,0,0,0.0,0.0,0.9949586653179912,0
15.620294793699316,2.2143525305294527,17.0937177011033,13.57285759498873,0,0,0,0.0,0.0,0.5013832900227342,0
3.3037241422257733,11.722169784422862,8.33741939211085,0.5,6,1,1,70.69028797247651,62.52416381705794,0.39087509565296735,1
4.757630183385219,14.461890761987494,14.506540706152654,0.5,9,1,2,170.39596623142015,248.27358084336572,0.26960919775743747,1
13.438770633001301,15.214265738900625,16.09711896114511,7.73842595680086,3,0,3,146.7829538277813,410.77583386871777,0.21402949991168585,1
15.149690388679636,1.572730488016788,16.833020714984837,13.549164630276096,2,0,0,0.0,0.0,0.545253199771303,0
11.625890590986666,13.929558153661626,14.173951129719086,8.614268622691412,8,0,2,168.6051738645382,243.90482585696057,0.3720026879332665,1
11.956546104970442,1.9537517385454661,14.178974199168675,10.15213280232682,2,0,0,0.0,0.0,0.529591165437702,0
15.748524136947648,4.928723510050147,16.39021134607202,13.95486932785985,2,0,0,0.0,0.0,0.40685960600332244,0
7.334388726365021,24.76779757279726,13.092805331946458,3.795878508912497,9,1,2,94.63808465264965,186.68486207934356,0.08228993101186655,1
6.0013058221230215,10.780126694689269,11.749610183848535,0.5,9,1,1,137.94958883950673,121.9949329170408,0.27187005245625395,1
6.0804318552889445,18.68419341176741,9.804778136125307,1.5625033861349138,4,1,3,164.09815106358712,487.28738500184016,0.3540419940362082,1
10.338991080318856,6.364753662060815,14.519745371358738,4.869145303495373,7,0,1,121.94660123840406,121.42102187768279,0.35295861390654554,1
12.111185254617434,0.5278782110973168,12.676225874485784,10.609700569387591,2,0,0,0.0,0.0,0.609998513714571,0
19.344396471552646,4.323569814376511,19.545599426173514,17.39347499963088,0,1,1,3.8810776049121,3.8810776049121,0.7936898287018992,0
11.032155532872189,1.6359580291445646,12.64351777773241,10.397437113404282,2,0,0,0.0,0.0,0.6863665795199412,0
13.180369347691196,1.2600283560569143,14.159787537147057,12.946898953779698,1,0,0,0.0,0.0,0.6132696781482871,0
12.931556697249304,6.002880461436204,18.104427091924062,8.711535453799115,4,0,3,160.27565858951564,461.26880833090945,0.2773097709634874,1
8.176686702335978,3.7402703454405812,8.451292054784394,7.39743389402825,1,0,1,15.114198449847855,15.114198449847855,0.6708016196435732,0
11.129701126313316,3.4137191981352055,13.951852365230641,9.139326157265039,2,0,0,0.0,0.0,0.7512907055025873,0
8.044593203263808,1.3029894318588808,9.65919437749327,6.445972165779287,1,0,0,0.0,0.0,0.9992190891047721,0
2.5662888474414602,9.345148009877292,12.334868516464017,0.5,7,0,2,175.80631412649353,261.1903267067753,0.04045007527266331,1
9.45066300254334,20.619488014361046,14.384000425540405,1.583287075826581,6,1,1,69.76371028911748,60.775913048041005,0.17692976134648408,1
14.2113257289539,4.293876426142324,16.166726039097103,13.645050295151588,0,0,0,0.0,0.0,0.55125919573738,0
13.800251636706786,1.6584512583669282,14.34474452151931,13.0668950059368,2,0,0,0.0,0.0,0.49220458372817244,0
9.861917347260194,2.883366588796006,12.340725064784072,9.734343446702916,1,0,1,15.634445319759195,15.634445319759195,0.4092490996459236,0
11.606321086861952,0.7483673229180055,12.285313606073176,10.200581673736535,1,0,0,0.0,0.0,0.955959928462941,0
15.721663186948739,3.907300729153192,17.017914325504943,13.937334542576234,1,0,1,12.108007439066883,12.108007439066883,0.8233015963978824,0
11.50799973540059,1.6515550269842327,13.552543341727603,10.459656813049705,0,0,1,9.098202897356856,9.098202897356856,0.8772729463732492,0
6.986556283062353,5.314331660385756,12.649238383526903,4.834530365374552,6,0,2,63.94043771376528,119.93572404365457,0.32175857876608077,1
6.366879986386964,7.684768381874871,8.960261028666343,0.5,7,0,3,156.01157395315863,440.8954619261568,0.006615779715950643,1
10.513768927531803,12.515186956079258,20.373630136020658,4.521340171702279,9,1,3,90.48457919212316,220.48130140548187,0.10817364799287517,1
6.685353482566615,24.77675265560187,14.949015610304855,4.2569462760451735,9,0,1,38.1809491012726,36.37357843241682,0.2592672195918174,1
2.210204019408757,16.833376411870077,4.311466647282055,0.5,7,1,1,127.99073487491155,91.65533717596111,0.12536222458982255,1
9.54229280735494,18.235303094547916,17.311379636147286,6.010905505843548,3,1,1,122.51071208623543,108.76134342950247,0.11850793438178778,1
12.39077007675479,11.127620738725792,18.150931753336366,10.27297644842887,8,1,1,73.4107696056619,65.9763869715792,0.24524878949662396,1
16.195573024264245,3.1869542518664966,18.8395476926591,14.437523891829356,2,0,0,0.0,0.0,0.803627515892062,0
16.002399633446707,4.49939760285576,16.857876721976908,13.300549437140859,0,0,0,0.0,0.0,0.8868445016203937,0
3.5827759694198194,16.889477098252378,8.341889362805286,1.3733408149811637,6,1,1,54.05169658577485,39.22207529668979,0.1525242559808312,1
18.882756699605935,0.35944727300006696,20.786407122190816,16.829600425829714,1,0,0,0.0,0.0,0.9288800589277336,0
12.651918806705588,2.128808074651526,12.877883103207802,12.55754722096751,2,0,0,0.0,0.0,0.8809946576848383,0
13.612974000801966,2.8787481960192403,14.768020114868818,13.233304971819251,1,0,0,0.0,0.0,0.9373120722284957,0
18.68506644534998,1.3500249823250698,18.79001391027417,17.901866045663994,0,0,0,0.0,0.0,0.7132140505986092,0
14.91727830371345,4.370433562637185,17.080341421621704,12.988626258739691,1,0,1,6.195449694480981,6.195449694480981,0.5441937284468984,0
13.890646396508743,16.502251338787232,21.796181575104736,8.94993097974805,3,1,3,137.81835522300383,316.1273951882884,0.28876382959692165,1
12.942769740345334,3.7320961642205246,14.154859591330712,10.907717851980273,2,0,0,0.0,0.0,0.5445757973687684,0
9.023098695642327,1.2235092257482927,11.589023800194363,7.274239847548766,0,1,0,0.0,0.0,0.6730310228848833,0
5.036528080584262,19.71968977514159,7.099287450509247,0.5,8,1,2,161.40493072818975,268.102395550106,0.2141523821528245,1
9.28998364531315,4.31149608487062,9.767906092068957,7.838399594441289,0,0,0,0.0,0.0,0.7497216167152256,0
6.380049374532499,20.063994038284587,10.734834706655523,0.5,8,1,1,49.20827077453207,40.946584085308835,0.35508369270092394,1
6.858794465498392,21.92132840150844,13.801316703569505,0.5,4,0,2,140.10960525346619,239.4428894430567,0.32559358982932346,1
15.380880080222127,0.7539640791617575,17.888727412956833,12.57316332426268,0,0,0,0.0,0.0,0.851235621070221,0
4.6262318851911015,20.83929983929206,12.56844501405426,0.5,3,0,2,77.47922252969546,138.24202248621387,0.17464582488069055,1
13.907356116660477,20.56986198906758,16.358381646984895,8.756972895516304,3,0,1,42.70142328640348,41.468365508703236,0.362846967672053,1
19.114267057273402,4.057265152068453,21.59988278505455,17.4051435055636,0,0,0,0.0,0.0,0.7357690034590457,0
19.56530218648674,4.654218348415973,21.275683110973482,17.362852017117675,2,0,0,0.0,0.0,0.7998559684893478,0
13.855374911084779,0.9328192981732986,16.539506277365376,13.10976690504627,0,0,0,0.0,0.0,0.4116610931093812,0
12.554156897827111,21.588269944966378,20.96972745818767,6.193245052113692,8,0,2,161.18647150773012,246.29420904778675,0.1301561694244958,1
10.067269540446983,13.397391817406136,16.973536315182173,3.4972201080818817,6,0,1,76.3939595584545,57.17906441325541,0.32919225012571623,1
15.356471077668628,4.102807058995489,16.385230053558267,14.775570801527987,0,0,0,0.0,0.0,0.8573912570163855,0
10.840793367988875,22.945653442710437,13.930186506881444,7.338555063747009,6,0,3,134.25590647461058,333.9087304397278,0.27642944264182784,1
19.723177001567784,0.8123010691841653,21.5251788046846,18.249460673714772,0,0,0,0.0,0.0,0.688630676485791,0
13.219810150045555,2.793617041062762,13.393949161101066,11.131019724143956,0,0,0,0.0,0.0,0.7556633795965193,0
9.30543930661473,2.3645702226706926,11.556498673839759,7.4709653034677,0,0,0,0.0,0.0,0.4015165298991454,0
12.299259102132236,24.228626247666742,17.71498869638199,7.22315538143258,4,0,1,73.71586249531916,70.49919347205581,0.39960378466754715,1
3.9351384513492236,20.863416399880833,10.738783949550385,1.3327315910956168,9,1,1,92.62842091612956,73.19287895467156,0.26264877978925166,1
12.807144489263269,0.9617157823751071,13.61931276385122,10.245142018774162,1,0,0,0.0,0.0,0.8717781310516326,0
19.481561894103567,0.769250276836384,20.917034473789222,17.868744773924327,1,0,0,0.0,0.0,0.9261087989508738,0
12.010583520449117,1.0394417705249852,14.411558098668586,10.137029474356076,1,0,0,0.0,0.0,0.9589648572795544,0
17.37340215450817,0.6985121414595108,19.932737627218344,16.17352193436075,2,0,0,0.0,0.0,0.7991224620886404,0
18.583851089193555,1.8558706034455652,18.80991577788023,15.708805338300728,1,0,1,12.491704903023496,12.491704903023496,0.5816376263138243,0
8.52052244878393,22.33216457858318,16.878357174674157,0.7440789324428625,3,1,1,76.62692332760898,75.56157425397896,0.31344909697737194,1
14.21177706821126,0.8368376536332567,17.14714708476411,13.08665497349063,0,0,1,7.9045130144493285,7.9045130144493285,0.6000382766617801,0
4.555810358593574,22.213777011479788,7.728856878814226,0.5,4,0,2,151.9680408932129,284.4516106070979,0.35604218937708165,1
19.611765112793705,4.980734154666692,19.961398942789604,17.06313383413134,1,0,0,0.0,0.0,0.7193019765137085,0
16.175067562242496,3.228020564223137,18.309890745057583,13.420733545960813,0,0,0,0.0,0.0,0.6643219888740269,0
15.583896129577626,4.003464004583655,16.94020274687057,13.131453324307206,1,0,1,5.718125807899572,5.718125807899572,0.6200251887353463,0
8.779083475758092,2.6509677725023666,11.483477204192214,6.662785388665884,2,0,1,5.306849496138664,5.306849496138664,0.5860131077296614,0
10.59110721126749,4.422356567877638,10.847213549247186,9.257960124364295,2,0,1,8.874765548223287,8.874765548223287,0.47233869749320023,0
11.43661758758726,16.39438813066971,17.70655343380858,6.722010616881961,9,1,1,59.9194030249578,43.035959602840315,0.09485922929460089,1
11.497361515634262,17.48671053102411,15.398331256117626,6.477738827030755,9,0,1,177.33968420335444,161.83773435231433,0.024979742266712714,1
4.18930333713039,19.557117361002938,7.659214743869813,0.5,3,0,1,41.50085729524349,33.477106843422284,0.3599099338237305,1
6.038690576855306,20.568412230714078,12.38437847396574,0.5,3,0,1,171.0351289309334,155.27813207441451,0.347047546475653,1
2.561778094149978,24.486352744088283,4.699162019448934,0.5,5,1,2,161.5249543419558,305.5584622925986,0.24704775262158216,1
16.822207322615885,1.0791838406512444,19.36213951561392,15.578009413505464,0,0,0,0.0,0.0,0.9082281513223329,0
12.97132217107859,4.885914532974979,14.717686283538098,10.370701422681053,2,0,0,0.0,0.0,0.5452593743958064,0
5.319753144763899,22.688359496892755,8.220189203688026,0.5,4,1,3,44.8299507684022,95.85207160515247,0.26957777962920937,1
13.329730426641436,3.172199705841762,15.812768648252058,12.046651699292823,1,0,1,4.153681907951952,4.153681907951952,0.9470751642199613,0
12.847496995976481,8.004297909338515,20.117291669795733,9.944252116389265,9,0,3,116.88300528413367,249.90078546565107,0.23470191867655524,1
2.422257186466631,21.41706609389327,6.628094282312679,0.5,5,1,1,84.24679916325294,74.17196568638002,0.24399259712578864,1
18.976348922254576,3.3722053568343426,20.187547934569366,16.389207768681754,0,0,1,5.436918679684046,5.436918679684046,0.987480350510635,0
11.005195564864733,10.069073877407293,15.856120311433038,7.857521637483348,8,0,2,64.07868797733241,89.86785250568686,0.13717404633468214,1
16.33960952727016,2.00662721970612,16.91733781931068,15.271340506005918,0,0,0,0.0,0.0,0.4768106251849994,0
10.57448265443944,4.886944716041204,10.730750218326213,9.518067203758708,1,0,0,0.0,0.0,0.8645563410594708,0
15.619418189131782,1.9360892853960237,18.34654101307449,12.710820564526722,0,0,0,0.0,0.0,0.6067084033396121,0
8.230589043820547,19.57421370179557,14.76578292407509,5.051997589384105,7,0,3,128.22470375910055,274.2799533211668,0.026566561792573974,1
9.259270163935394,0.11173394213428667,9.77380915687946,7.5647226509366705,2,0,0,0.0,0.0,0.6259839110783174,0
8.326088435527058,1.3161070143356735,10.456906981234807,6.292355597988259,1,0,0,0.0,0.0,0.43989447710485996,0
11.381908149196217,1.9101741520563547,11.656822764723401,11.045089874209488,2,0,0,0.0,0.0,0.623312138240859,0
19.094842636240806,4.0823202969591925,19.99601204812072,17.792972759171008,0,0,0,0.0,0.0,0.5077169754962001,0
13.893418948025815,7.8053442691833785,20.19460665992725,8.334783217352827,6,1,1,150.642164034326,129.71837805602266,0.36318508740842026,1
9.648079991389134,16.2351090508878,16.93090661973061,2.6476389593072875,8,0,1,140.1327509293303,129.93735023438438,0.1676800029082938,1
8.117039318597678,6.86427851785397,10.484479576430399,5.447420121886328,4,0,1,40.06626922895275,33.11420695902092,0.15773765729340283,1
13.172734931489472,1.528614996516147,14.268867055094274,11.98195608961803,2,0,1,19.919821018922104,19.919821018922104,0.7048943839360886,0
4.416722250231471,5.095996496347414,10.489631790142504,0.5,8,0,3,111.28049145797283,255.69846408597238,0.26004022106022157,1
9.025863648218857,1.0830801788804316,11.559132729999847,7.131203191892984,0,0,0,0.0,0.0,0.5880851739604609,0
18.075552650827902,1.8018906077828478,19.356258912796413,15.12979929732366,2,0,1,7.761928474020392,7.761928474020392,0.5665675017768002,0
11.006101230630016,1.5560267966415398,13.556220795609597,9.196534760416458,0,0,0,0.0,0.0,0.8051941160842997,0
10.843134338134188,3.468174203638241,13.76844004143479,7.956300157676798,0,0,0,0.0,0.0,0.6030782507450982,0
6.409257060029173,13.725377222311256,13.47058709057637,3.682488898042654,4,0,3,80.79595420297025,191.0121973525041,0.08458812801989862,1
3.232795704973318,11.937140218577792,5.525354203876983,0.5,8,1,2,137.53262633959162,240.50484482104218,0.3834790965461594,1
11.602484457645847,24.175732878808162,20.50065829246936,8.595128306815766,5,1,3,136.82819729692386,326.3853833684192,0.2158026295937182,1
13.05607779933258,4.270077652277297,15.370727605196032,12.862081167780868,1,0,0,0.0,0.0,0.8812866268614907,0
8.26554409305898,2.824225511085758,10.50802296070318,6.931668372874351,2,0,0,0.0,0.0,0.40080018369447523,0
4.859146079797556,24.42437579921564,12.677084636357389,0.7612257970241298,3,0,2,110.46443188475367,210.01690136202416,0.24631702084055418,1
14.492363468753737,4.636328163157046,17.288071522015546,12.954193865533082,0,0,1,2.306380664757537,2.306380664757537,0.5366257302467182,0
7.634366971026519,7.522321414892666,13.13273510836164,1.2417774362197287,7,1,3,115.71170895663514,289.5849642560842,0.2636519650492643,1
8.41290281110647,10.919852502879339,13.022383301329743,0.6473982217581016,4,1,2,159.45404222244355,263.09949653567156,0.29754611235526846,1
11.720196269862187,1.9637509176935497,12.789864940927256,9.221628844008425,0,0,1,19.683509702301546,19.683509702301546,0.8944175754619659,0
11.543383645795398,0.9884894427179031,12.635572261185377,9.542475057150778,1,0,0,0.0,0.0,0.7865448404955891,0
11.420207379692117,5.711037550981102,21.399256394202624,4.18438725354493,5,1,1,90.91144385505501,87.45206411637751,0.012864989990820109,1
15.82499219455692,3.687690937741894,15.832814584734821,13.940273892445223,1,0,0,0.0,0.0,0.41053927342238017,0
13.494912883576585,2.8358227314793534,16.192931110631793,10.585136162878754,1,0,1,10.597726279603776,10.597726279603776,0.7949974137538887,0
8.423049336653563,12.211699531764936,17.402694386664027,1.1629722244036058,7,0,2,39.57390520645704,63.247593603120386,0.09245613680393908,1
8.65944144642352,0.8830684628706142,10.305600263172668,7.216239873881099,0,1,0,0.0,0.0,0.5677968442089917,0
16.242530715802214,2.296467805897821,17.93903290986872,14.160332491234344,2,0,0,0.0,0.0,0.9042169032311912,0
4.7948989066490855,5.743505760992919,7.921393803393081,0.5,6,1,3,135.3320052612487,342.27609461207027,0.12489380816660162,1
11.496917701309926,10.535601629315494,19.214332668713293,7.193156943405654,8,1,2,69.36844544773355,110.7921801481656,0.043162286889190465,1
11.49204036080338,2.6031123258572593,12.666038870201957,8.612255999052875,1,0,0,0.0,0.0,0.86145620391789,0
11.483629999463972,9.141443507804867,16.499913973809402,9.43528026609076,8,0,2,116.43441176669015,221.09280682589852,0.0753579069601969,1
15.15395357492813,4.466708209138041,15.669864780458758,13.891906863805344,2,1,1,10.515586136365712,10.515586136365712,0.5752273348587491,0
8.329914675581296,0.32350165251994245,10.531524937219821,7.364240647979405,1,0,1,16.868808873294803,16.868808873294803,0.5409691377000356,0
4.020879798033945,16.91883191461409,8.025235192204505,0.5,6,1,1,161.44566344387368,140.72901026294542,0.07684305567976897,1
8.411986053714239,4.912821002927136,11.007434058028354,6.673067687112179,0,0,0,0.0,0.0,0.8096677001164783,0
7.688770668799316,22.121906644727673,11.028154250769326,4.095557035116744,6,0,1,90.64950890213133,84.7954120445408,0.32594680598617853,1
16.433532317816027,1.2257697305237176,17.950529547069163,16.336496454059336,1,0,0,0.0,0.0,0.7310505297637309,0
11.991854010860614,2.9632932394272333,13.476710411975588,9.154640132653732,2,0,0,0.0,0.0,0.7053045088783041,0
14.195538297757128,24.325074144801793,23.98595312402112,11.96078946883881,9,0,2,130.64083586440591,237.86274615655105,0.04890117594937907,1
8.715675015545258,1.5886527330881988,11.68912995098982,7.448691378236273,0,0,0,0.0,0.0,0.6763982468264222,0
6.8730795463584595,20.998940971697635,15.547123575039835,3.047984680587363,6,0,2,168.6558069539945,303.0799501239136,0.3546490600065566,1
9.575442452991672,4.702907683676489,12.275121613889972,8.531214219288564,0,0,0,0.0,0.0,0.5298658500470029,0
12.795661789927228,0.944569282168477,15.072621111257677,12.522965085503586,1,0,0,0.0,0.0,0.8427467998910403,0
8.29074540928394,21.281097446240185,17.921905920465864,4.908857356944866,4,0,2,137.7522486781114,243.4576953763312,0.11423507191762253,1
15.86679081148368,2.9622159270453814,16.16577328603222,12.881275344361567,1,0,0,0.0,0.0,0.479936048790612,0
11.967251767469328,10.907540076812321,14.138362540869966,4.302205586435357,4,1,3,166.33335072736676,472.29230803458415,0.38903321302053284,1
4.030305295732834,7.106251181796177,11.497634354082507,0.5,5,1,1,58.00484773157591,44.055854639022556,0.18898413154157906,1
2.2396447261096455,7.959094775479414,7.264883274595579,0.5,4,1,1,141.92857249759567,141.50982128197353,0.3999266877450711,1
17.918669561433173,4.951249339605997,19.04268823095912,17.161440806222256,0,0,0,0.0,0.0,0.9070643794032472,0
13.447195540915885,2.0396768552714817,14.938931981484576,13.325879047277901,2,0,0,0.0,0.0,0.7358721142428353,0
14.168955524216232,23.054809221840028,20.515179763561076,8.705085725206088,7,1,1,133.24270055520117,113.76540798082432,0.19026039378065468,1
14.689694587707844,3.2197115266795517,16.528258909597938,12.53210490616688,1,0,0,0.0,0.0,0.9809410741157023,0
13.349222429234064,10.683560007805248,20.08020458924531,8.068800741330856,6,0,2,60.26993720132853,86.92857060855596,0.30912179714469623,1
9.915763193390493,18.75546071090963,15.685656691723675,2.6576505152273437,6,1,1,141.69611945178093,131.4079332756633,0.3991345585166246,1
19.11274477421171,3.991019128719709,20.959253334359207,18.727106901398177,1,0,0,0.0,0.0,0.5891431770406127,0
18.194211994312134,4.218341877097204,19.731066223462772,15.82589679786577,0,0,0,0.0,0.0,0.6799965290321042,0
13.220701905907834,13.970512157649647,18.129152256849217,5.252219597733054,6,1,3,172.03010962439473,406.42999327375173,0.09058587667095797,1
14.29802851340762,19.238074848826102,22.23131562315233,9.301601145126153,6,1,3,163.54713124809766,487.5834671741651,0.19770974456244983,1
8.013543470323793,4.471189148177642,8.94667942957771,7.079057196140987,0,0,0,0.0,0.0,0.8722339923942197,0
3.1007075855787622,14.290769270488383,11.085589514858246,0.5,4,0,2,92.50020748801424,141.66378399971435,0.28830088731105374,1
9.195939362665287,4.626933571626712,10.871349259855494,8.445325901474662,0,0,0,0.0,0.0,0.9457153356173977,0
9.963702095935083,4.355851659804863,10.780444705046497,9.721092858438766,1,0,1,12.767430591412158,12.767430591412158,0.6184949189103296,0
13.18682793893648,7.614406379001927,17.79272411853994,7.723147525113575,7,0,3,58.91314828305593,154.1922119015183,0.1312413903367287,1
10.207369014168608,2.3231353543427224,10.248342523446848,8.762322046803032,0,0,1,5.6428425744342015,5.6428425744342015,0.9165220741328032,0
2.3490231474036625,19.15928813676793,7.458607930016483,0.5,9,1,1,161.89851373045798,158.8717612187015,0.16220846208141437,1
17.487914312547332,3.485699069728916,20.47447499734047,17.446881359233398,1,0,1,8.552129748840596,8.552129748840596,0.8916007744183712,0
19.153885073209597,3.783020775520274,19.309618582216785,16.64204125211242,2,0,0,0.0,0.0,0.9258913678524193,0
19.578595929966237,2.9069244766825557,22.304562613987315,17.153056110185005,2,1,0,0.0,0.0,0.42197898390977157,0
12.66779721920527,4.448789074865769,13.573742958462471,11.371644136693128,1,0,1,0.18484629162156319,0.18484629162156319,0.5875032741911215,0
9.657506227908426,10.085048052290876,13.729493864133223,4.727477363936513,7,1,2,88.18483521846093,157.2400753404103,0.37718807577238234,1
2.7671361128990086,15.749361290106105,5.907911142207755,0.5,9,1,3,50.53204795377415,137.38861824430123,0.3971613963597058,1
10.119262266926128,24.259518847289712,18.771542046501132,5.337948927110014,8,1,3,177.058727904104,432.08123034086003,0.010209537822845283,1
17.97214472582803,0.6250684505790488,18.37852057055574,15.505472726737658,2,0,0,0.0,0.0,0.9910058486976677,0
5.714508571355156,22.38918233075775,8.292684669397051,0.5,6,1,3,142.95153010314385,417.7561347967179,0.3331606891298386,1
6.3068580009519986,15.008464872650675,8.421027077461154,0.5,3,1,3,107.67620829102987,289.5428211754023,0.21100807011768363,1
4.614016441320334,23.144941381509973,8.725750335205074,0.9281530380432539,5,1,2,128.18772002871904,187.4230734488008,0.10140247557000587,1
16.039311360365197,0.06722021991708127,16.653187778042255,13.9907995622785,2,0,0,0.0,0.0,0.8345444720880475,0
17.128190162468464,0.24122061568270847,18.243059193541768,16.3091201072121,1,0,0,0.0,0.0,0.8881767281337881,0
18.057789984516283,2.5786809418702243,19.188769690616187,15.292253485872928,0,0,0,0.0,0.0,0.8259376653227344,0
10.37730457605889,0.24529426873132254,10.702887947732556,8.80323055180108,2,0,0,0.0,0.0,0.955197842124759,0
4.250630709147025,5.956221274049596,8.222309666247066,1.3914456858655724,6,1,3,35.39847433030018,100.82945848118662,0.23657997257720995,1
13.62496455562321,6.403932228154272,23.467541137445817,7.927213814096444,4,0,1,72.88913394809825,71.07903898285373,0.312398392411269,1
14.334357263262575,12.143151791524565,21.549276844600076,7.877237876576197,3,0,2,109.85980308403694,213.04186947187003,0.39907848746448543,1
19.649491886828354,3.9355056626793687,22.539099809742602,17.527679708994988,0,0,0,0.0,0.0,0.6177632675352029,0
12.331632963782482,3.9173427571915784,15.25584379608733,10.578068417467904,1,0,0,0.0,0.0,0.9584267333995261,0
14.244905176191184,1.0213377661675993,15.880612331167907,11.948849194432222,2,0,0,0.0,0.0,0.6369199138865753,0
8.48238429509452,3.8094789609395314,8.781150240079535,7.292131517695714,0,0,0,0.0,0.0,0.9759619430793306,0
2.1246133218771295,10.676922966922731,5.079009966691629,0.5,3,0,3,70.13573120673311,151.86495053413086,0.1418879223595206,1
9.191385399350484,9.230019211595746,13.487410243424073,1.728555642322779,6,1,2,103.04110698588724,193.1247072030933,0.3665083349374126,1
9.753330345600402,15.013932555906198,19.606215590739865,2.766823901460831,9,1,2,80.52749954030651,117.76424887409752,0.2294890193470304,1
19.426847424988928,2.2128540333085467,21.49927029790713,17.70193554279876,0,0,0,0.0,0.0,0.7513084254886477,0
10.546109513430622,5.3129463588413195,13.06110858155094,7.94814259704313,5,0,2,58.616122802507945,93.35107678909937,0.16773879757036264,1
18.360141254276726,0.7958236904432697,18.40540534490881,17.01242986194898,1,0,0,0.0,0.0,0.444170956920209,0
6.392100514038948,6.557401286127327,9.925694683332024,0.5,3,0,1,79.55176376474878,68.78069858184377,0.07983499832003936,1
9.307877908611484,14.305571440240145,16.56172755839918,6.427674453609525,8,1,1,97.42817588935546,84.2696801770655,0.3586325343855955,1
4.3637509511349695,13.915032416389073,8.318688779356624,0.5,4,0,3,169.70375508096888,378.6908119705438,0.2529603580540786,1
9.448860232507837,1.6298952188440607,11.137804746053634,8.887324405542365,2,0,0,0.0,0.0,0.8377637722503184,0
11.414208804972086,16.50050912523279,14.287720776200203,8.345030244243329,3,0,1,93.02018312746506,92.1523527367645,0.2778430446506914,1
14.75242406445281,4.873046054316208,16.81902351772948,12.067325809637303,2,0,1,3.1263444279847574,3.1263444279847574,0.6062877421810536,0
8.188339224109358,1.4469036180284733,10.112680712373487,7.630482930106943,0,0,0,0.0,0.0,0.5121457208962464,0
11.389986042168086,1.617336673652483,12.444570166958727,11.200028301251123,2,1,0,0.0,0.0,0.47553878592503507,0
8.701303822034799,7.6676898708567975,18.536469664164713,5.15470850086146,6,1,1,71.99813241811461,51.02078616030244,0.1659322687555816,1
8.073263733581804,19.096483307814324,12.544014206721478,4.181580654958268,3,0,3,82.41376690406821,225.37446261717471,0.21494309969075087,1
8.647219067594644,17.72696250534113,15.92723990419144,4.913472152750341,3,1,3,31.471217207096455,73.10142377133376,0.04159822812533425,1
11.841500595136534,4.2024625420787345,14.338656692284104,9.838116216716823,1,0,1,1.851521341041975,1.851521341041975,0.8275628105528399,0
8.452736842061991,14.454137972725782,12.938365030527919,1.2303058224093926,4,1,3,152.31442410173526,445.75295749064554,0.3111033016931943,1
10.595947641995249,0.7039995610484523,12.158058988114089,8.108834797767395,0,0,1,6.303745803079277,6.303745803079277,0.9251123280752374,0
9.304675339018544,13.667616962298816,14.976007533408428,1.4872430279991953,5,0,3,49.28521587827746,125.50418103165767,0.18438220564527308,1
9.076536512636409,3.2242765334856327,10.925646306040155,8.375677717202276,1,0,0,0.0,0.0,0.9329954888215732,0
17.74330701562166,4.066311506753271,19.671458479858334,16.369263142673823,2,0,0,0.0,0.0,0.42328271441856713,0
8.55535855387097,4.406265909722799,11.238492850156966,6.9818909910964,0,0,1,4.997863897347294,4.997863897347294,0.6931110123584958,0
19.836782917823598,2.2075337164458553,21.391337744852926,18.27133581367383,1,0,0,0.0,0.0,0.8129002705293513,0
11.852161327143603,2.878306981358562,13.634568079064989,10.906946447003907,1,0,0,0.0,0.0,0.963448782932212,0
8.627098981145663,8.50909940393882,17.076776222525126,1.2965087502810864,8,1,3,44.33906044540461,110.69637718189459,0.2705587945974958,1
8.671764559612724,13.508309885450334,17.79617374976845,4.094364762769953,6,0,3,167.3988002043116,396.4112415061752,0.3799197413848012,1
3.065594108715377,13.632310347446984,11.692177857850119,0.5,8,0,3,54.94115525731624,156.6624426190374,0.1434493628092995,1
2.3636346645796666,12.717614683859328,10.527137129579494,0.5,7,0,2,58.05852540395705,98.31691236543743,0.31917254700452624,1
18.7184790626101,3.182722442883621,20.786499409507915,16.715657373429092,1,0,0,0.0,0.0,0.6130383976989305,0
16.44623222159415,4.156954205335396,16.566972844158762,15.738471890174,1,0,1,15.117483023567743,15.117483023567743,0.8881816142810983,0
8.516025446819304,19.09672395034673,11.759234476731429,2.617281081743556,3,1,3,104.73175300683656,304.09362627842347,0.3220382010496358,1
18.62488787520237,3.3923430825231167,21.081452757491594,16.933552972249988,1,0,0,0.0,0.0,0.8315611035691689,0
2.634941103169671,22.558831279992123,5.273589635672659,0.5,3,0,3,178.03554996528834,515.9896021914285,0.1643372709923639,1
5.859076445639806,8.048138400757628,8.963745698455877,3.065374197582173,3,1,3,151.4247632342342,425.03098548593,0.18329873677371672,1
8.399333282926278,22.96891068288366,11.92293452778643,0.5037784508627512,8,0,2,52.55188120976498,86.92682636651709,0.07453339053776294,1
3.6782525481752337,14.130235134435804,7.851809477529308,0.5,3,1,1,117.29547112677214,97.72041193083268,0.008815681467053693,1
12.752628149624345,17.15355122977448,18.943372779519102,5.086515648793843,4,1,3,145.44002269420986,431.3558859915875,0.31185374245339165,1
16.47835558763829,3.802510022086199,18.04788961715679,13.705642485195892,2,0,0,0.0,0.0,0.6727501033451257,0
4.4228020546102265,18.217901078778556,10.832732599591168,1.1827644278757719,5,0,3,152.1761952195797,407.9196166600761,0.14640615503675036,1
2.1112120115362125,21.672151173764806,4.810673591485353,0.5,6,0,1,177.52807815379524,137.18692467725003,0.25832435202048304,1
13.683439476936886,16.87033784227728,17.343258098188652,10.110653174264318,6,1,3,150.91677264876074,376.38938565681366,0.22183226861424976,1
15.32607408850183,1.1238011882940975,17.165230166110266,13.44123571130619,2,0,0,0.0,0.0,0.7791744792340174,0
9.601628053635908,1.4372855675204148,11.080255745041805,7.701777512716844,0,1,0,0.0,0.0,0.4240836328992461,0
9.059338315620913,4.979282145890812,11.751228081220797,8.996096334335302,2,0,0,0.0,0.0,0.5025431739665641,0
6.631857302174137,12.83263911907634,15.061942861217975,0.5,4,0,2,82.3046843042455,134.98706765116685,0.35762184508085787,1
9.075300821561218,24.12996249554197,18.169111886721133,6.05850056823058,6,0,3,109.8020217995045,271.19426549561916,0.24082146917081806,1
8.51339937180553,4.999463333525246,9.605158102218956,8.328771431075841,2,0,1,6.809013910872115,6.809013910872115,0.5871829254594525,0
15.021198782539834,1.074355869245673,17.688487510688553,12.041116217375604,0,0,0,0.0,0.0,0.8149205350461861,0
12.468624209269356,7.7880688402300935,17.817941116964338,5.18089616425954,6,1,3,91.78474464149048,198.80994365338435,0.1620903131717336,1
12.857824387913995,9.194779878771318,17.484294070777292,5.637536408275643,8,1,3,122.50949030631085,292.40961959023974,0.27086515058898925,1
15.661734999358869,3.758283386051856,17.91647624520738,14.669626634160936,0,0,0,0.0,0.0,0.4197012574503266,0
13.508676778259705,12.231805328406193,22.968280146904853,7.725025948356048,9,0,1,39.43473864102888,32.080421227118535,0.3435701554122772,1
4.001445234773948,23.19608657900381,13.50814285574562,1.9261560396404946,8,1,2,100.36544624272348,166.21266444417117,0.2059895139928421,1
13.58714605805509,3.5078177024475874,15.742951046581517,12.266068465776504,0,0,1,15.481234138922321,15.481234138922321,0.49069717491293596,0
10.873577354413602,4.337020566122838,11.85487635061384,9.886388903710873,1,0,1,16.931625517700887,16.931625517700887,0.6012783707095886,0
16.15603967901827,3.7726466941337082,16.677716204212505,14.460582764986404,2,0,0,0.0,0.0,0.9104682295784092,0
7.292195430054257,14.971384339271106,13.558810172077749,1.3352544035283458,3,0,2,143.7972889113671,253.20631193664252,0.13891089395050799,1
6.520945271890163,18.59608141918264,10.625247664570427,1.9596250976351675,5,0,1,157.85331905812276,126.69757296838583,0.13411532683178826,1
14.261996581938197,0.7034771193037315,14.92102061592232,12.816163743760034,0,0,0,0.0,0.0,0.9942409207493198,0
8.547232685913034,2.115294045983624,11.125164423611352,8.143208231937045,2,0,1,16.382772755032644,16.382772755032644,0.7334221244321808,0
12.85538949646901,23.719481694214487,22.769041702853755,8.476154131082106,9,1,1,43.35241871008443,33.88084968094683,0.3071750206472045,1
17.346711741230862,3.155328890838481,18.8886112787988,15.220598873589923,1,0,0,0.0,0.0,0.9026023776731105,0
6.565698389023368,5.411429293753911,16.38111850289373,4.165787606255123,9,1,3,81.95989796442785,199.35902238177718,0.3554943157546502,1
8.709619594632327,11.655274306713588,12.922979132064983,2.7739273296019755,3,0,3,58.61223955587042,159.69596005642734,0.24105316851425396,1
5.551645578653022,13.179730074676687,13.145587460616813,0.5,6,0,2,86.30928309767597,166.52019193900776,0.3801767210193377,1
13.910381372115918,3.203107745288443,15.152384527159917,13.013903876569914,2,0,1,13.949980720741891,13.949980720741891,0.6854762750408414,0
16.136870147863,3.4227221651566198,16.788336148336196,13.184120848389128,2,0,1,5.43974645966763,5.43974645966763,0.6940241238643372,0
4.213242537502647,9.052376382505571,13.559664473580831,0.5,4,0,1,148.75993394994794,111.75238448331771,0.014683193121851358,1
11.945561469616367,13.102521466737201,20.925725604385825,6.797316222522772,3,0,2,148.40694501928866,222.73827454692784,0.13817855432220538,1
19.45077628971706,1.8571697532336617,21.938976950313865,18.878399493289542,2,0,0,0.0,0.0,0.7748774244003175,0
5.692458778460109,7.480059892482851,15.067288168747387,2.6548696906234373,7,0,1,116.04998963235145,113.06316891192485,0.20240213390677503,1
13.659833615940663,1.344521522807407,13.827921015687403,12.433860569311154,0,0,0,0.0,0.0,0.7748938852560627,0
13.261026376422938,0.3312734847709997,16.132047129881002,10.881841213712296,1,0,1,7.091356422323017,7.091356422323017,0.5506673720914037,0
18.230127635470463,2.8991637063343187,19.791166646085188,15.437950251834271,2,0,1,19.28352522262302,19.28352522262302,0.7439719945642502,0
6.048752816319888,21.00468427866325,12.234605039244142,2.919862725040554,3,1,1,119.05126115968527,112.11910790777341,0.17097242846408572,1
7.638451814398211,14.145995959937958,14.046005365123035,5.004955536971643,9,1,2,103.7531679050657,199.57620156473916,0.12055935096687298,1
3.830649835739337,21.53989219810001,11.922535326380117,0.5,4,0,2,32.608311438815086,53.57901855244674,0.370490980082332,1
7.963474714603131,24.630827860886257,11.558065586207722,5.571943579853095,9,0,2,91.48664822527078,165.3881512971044,0.391213675554274,1
15.908409596999885,3.6799824416525717,18.71785934105111,13.029153283798815,2,0,0,0.0,0.0,0.748026133178859,0
12.073048004943288,19.796432687311928,18.378195445594923,9.549083769592475,9,1,1,137.16727409090927,112.57718955789673,0.07519354883041354,1
10.704042937451936,4.871437780063,11.875062679487797,7.975048022624588,0,0,0,0.0,0.0,0.964209026602115,0
2.9252983852277983,16.154095238133422,7.247678249580073,0.5,7,0,2,102.86761715328485,174.95151213471135,0.09567071794295048,1
13.319431832950874,2.2336077799493683,14.407641776868324,13.268643775674269,1,0,1,16.326687977901653,16.326687977901653,0.8765684304176047,0
10.537667375670551,2.4110813628019323,11.992281799462027,7.866159913626814,0,0,0,0.0,0.0,0.7114550382038369,0
13.132414049830862,3.507996749497985,14.436221155984837,11.879205466296174,2,0,1,17.733395133044162,17.733395133044162,0.7993338332732467,0
10.956455997771528,1.9742848276410547,13.006366955583593,8.281080863322053,0,0,0,0.0,0.0,0.6396401810669768,0
16.75848815171169,3.746376684120522,17.346906200913303,15.353515229606023,2,0,0,0.0,0.0,0.6504042010960001,0
10.555274571588114,1.9528718879623441,11.509504204872504,10.101944016993775,0,0,1,13.515819272559702,13.515819272559702,0.6488140924994719,0
7.458798120080079,8.884658593911634,12.783274377066611,3.152763952328913,8,0,3,153.35866394194235,379.0873442356641,0.005716308016280137,1
15.156317098632416,1.7208594158390966,16.000954900411205,14.935243341521112,2,0,0,0.0,0.0,0.6624167749375689,0
14.306303453794383,23.41070462479255,21.781764970447174,9.498948285002234,3,0,3,58.22573937691858,139.62939271023743,0.15844878602066112,1
19.03105095831574,1.9726960412121275,19.23850948034903,17.98719837402276,0,0,1,16.178546144355828,16.178546144355828,0.6715201864175804,0
8.39186041513043,0.3465813068565843,9.16456359207898,6.760165152990988,2,0,0,0.0,0.0,0.8691041147037927,0
10.706995731064815,11.474324276455343,16.780268764742086,4.664110856482731,7,0,3,110.26601700009051,282.32042674063285,0.10627138620113491,1
13.495030006395451,0.6379561964368857,14.7931447502751,13.113870255681439,1,0,0,0.0,0.0,0.9559473502858755,0
18.95192475080667,4.167360508400241,21.01467208102973,17.88360705224979,0,0,1,2.4884675381442656,2.4884675381442656,0.6070305215932341,0
14.977496690652892,5.983779804640442,20.506645485605503,10.264935556310586,5,0,1,95.07321907272083,85.76050666887608,0.16879286644262848,1
11.990755428884217,0.6634102328042474,14.425431501071396,9.968911673898441,0,0,1,17.55091085118946,17.55091085118946,0.4622691569060031,0
12.089515779375507,13.63303525187922,16.74733789190578,7.621579598435889,7,0,3,143.3416997736258,395.0529325481982,0.13861642790540976,1
15.655752528718597,4.259197384314012,16.73866689667741,15.218796255525527,0,0,0,0.0,0.0,0.994283003408354,0
11.890421732829324,14.054508532598799,20.237180355717133,5.2762823001334365,7,0,1,101.70938169209283,87.94732839118974,0.07923189222404048,1
19.9660775349334,2.8302378646209214,20.09928493175149,17.57677060188142,1,0,0,0.0,0.0,0.8480480635075566,0
8.999630997341557,0.927901183917777,9.657615549434315,8.226038236407023,1,0,0,0.0,0.0,0.8617821800748475,0
19.887537299190278,1.3266333367134235,20.07456176291862,19.791144700842484,2,0,0,0.0,0.0,0.5156512062476274,0
11.268614951159474,4.160310483770754,11.519787350486205,8.949198932503641,0,0,0,0.0,0.0,0.5628490045118035,0
10.774843248692434,4.581825533711978,11.992974975989807,8.742717208503397,2,0,0,0.0,0.0,0.8843885804614313,0
8.133958672888978,22.37701503602328,13.452742431367563,2.926001272394468,3,1,1,58.29472651739817,52.860627048493214,0.02635485572609313,1
10.613582436861336,20.319163426110347,16.2441097466563,4.831878199883278,6,1,3,100.76507267247354,279.06644339116013,0.05601569250574086,1
10.835912211313495,2.191904485704658,10.886500821559808,10.381080297522066,0,0,0,0.0,0.0,0.8811784030135423,0
16.35036339918439,2.43734904157772,17.446014264586346,15.223603536289957,1,0,1,0.5601063894491687,0.5601063894491687,0.9590731258307045,0
8.518677817013348,1.712499965040687,8.74922620259705,7.339844498893268,2,0,1,9.481284338110243,9.481284338110243,0.9565802316886441,0
9.210992787014568,7.516773810273383,14.788755068633483,3.7915706071335142,7,1,2,98.5503464065411,161.63116961749785,0.23714080195688864,1
5.94529471117029,16.181225755305032,13.301283323575847,3.7851357596491644,6,1,1,54.46816738006703,51.39782502470011,0.09029230738522315,1
9.536192782441237,2.3732286163794427,11.210617262650064,8.198420902587209,0,0,1,0.16972024166886035,0.16972024166886035,0.5300105463934016,0
16.046960609923225,4.4719492684924536,16.218499573514023,14.256068712773896,1,1,1,8.82069611691241,8.82069611691241,0.6123224460689418,0
10.348332355354096,24.01822976295664,14.00524014375079,4.0775873159633935,8,1,2,166.6703655195125,236.23785057115387,0.3082914461226264,1
2.3573075327818223,10.473910319326977,6.512074565270657,0.5,7,0,1,168.381415327924,121.97935816657098,0.27536853849726634,1
2.4574094556410424,6.192750921601804,7.445586285077539,0.5,7,0,1,61.6453934567549,52.47124600635836,0.27222193905779274,1
9.806147222253562,10.151575649959987,14.473803386506741,5.1570350431883725,6,1,2,48.85723616770143,82.33500658416617,0.30040954365536565,1
13.299263846615457,12.739054081755196,18.09797605066931,5.309800363435857,6,0,3,168.9554005648769,367.71547132380675,0.10848811057073693,1
14.75121790878278,2.7980747117726694,15.249863814393501,13.90775886644099,1,0,0,0.0,0.0,0.8041099164832655,0
8.641080744529372,9.282324868258712,15.055338571682201,0.7661613060204404,3,1,2,153.48744040192958,287.17401630826885,0.35663222318324383,1
12.224917757709182,3.0303234809245887,12.492327796945556,12.19615970448478,0,0,0,0.0,0.0,0.6929316155195431,0
12.342323712529506,20.272087183259906,15.41431316217487,9.8112093971511,9,0,3,161.75097300650677,380.88614384923335,0.32242099207468783,1
5.806262591994777,8.84950730807268,9.920341614792022,0.5,7,1,1,173.87902296877823,122.02526008842537,0.019083336581548815,1
6.535207258013551,21.598360619739175,15.676456820697393,3.4142008202460525,7,0,3,179.72967703291428,535.388911508865,0.3846981506818381,1
17.516148785232783,4.94295239513166,20.19322946105821,16.26835087413552,2,0,0,0.0,0.0,0.4935162205522463,0
12.504191737816186,10.216621600500176,20.8980085881484,8.87499084036517,3,0,3,77.53935049233542,205.44491779799625,0.38674089289785224,1
12.35191239542746,4.678764857357675,14.048818201530892,11.966795199829761,1,0,0,0.0,0.0,0.6796021086118078,0
11.57548914750031,0.9129856554354965,13.42525266171405,10.873944040243877,0,1,0,0.0,0.0,0.9725422189927792,0
10.799190823004519,3.9040382387490364,12.667292011703339,10.3365226056456,1,0,0,0.0,0.0,0.961688191959118,0
19.043603246872976,2.245698442296955,20.652894437241454,16.817325469198245,2,0,0,0.0,0.0,0.984579837312779,0
10.426846167661031,12.850086345916214,19.581107917130456,3.3463085656907943,4,0,2,174.4778084294835,280.8035493272043,0.33273710903390685,1
10.226019635559336,24.671815839686634,19.24001854061238,7.263824176129892,6,1,2,157.55441814867757,226.97354422347567,0.3973559514956273,1
9.947369891768284,0.06208044584711747,10.461217800644738,7.4328421297110685,0,0,1,8.150687603072901,8.150687603072901,0.6910660838309037,0
12.436241392845039,1.0656855215322754,15.090859914483964,9.493125512801402,0,0,1,19.524625134019487,19.524625134019487,0.6928935736523854,0
14.184406582111924,16.72535686386536,21.777952165962937,9.03335184250658,8,1,1,94.77792986070553,76.44703283497907,0.1352839639958938,1
2.4065279107144764,8.042328060176796,5.541609185213792,0.5,3,1,2,64.15299388943976,113.76369652511555,0.004854983326080209,1
10.374671263928999,23.36383546459468,15.425357800907273,3.78353004604282,7,0,2,106.93945316869244,183.92347138781042,0.19124277844799875,1
14.863344348884024,4.934975387271864,17.34093461201098,14.069249215751004,2,0,0,0.0,0.0,0.6409871063272251,0
10.11720633713812,18.58717579843293,16.01742690037812,7.8740891845001,7,0,1,168.8987300879783,129.26449805958933,0.2773450460698841,1
19.06939631820364,3.5658213437867032,20.822798572378765,16.361828701154764,2,0,0,0.0,0.0,0.6799557240613717,0
9.7951718737707,4.1298683479174345,10.66908029988615,7.369413365483407,2,0,0,0.0,0.0,0.6393749362329602,0
13.854242028395745,1.0824610524933498,14.204951455235891,12.357280237071345,2,0,1,5.011425828442957,5.011425828442957,0.8403285839642451,0
6.13121031162923,11.200037055646106,14.114348343837896,0.7903196038128719,9,1,3,82.13464217426119,175.69981193234628,0.16017809058075394,1
6.548350179102001,20.823193741801365,13.559264934915266,1.8759437123769462,3,0,3,121.71513551092112,263.15292243508503,0.34579076144713133,1
9.995665151871343,24.582243394896047,16.759685956453804,3.6474082270850774,6,1,3,35.249826189597854,96.25289501616555,0.009168629259854778,1
9.891632429995767,2.5713574772127554,11.683084543445208,8.51899620787553,1,0,0,0.0,0.0,0.9696017851149544,0
4.618721688990761,24.875400846887253,10.561322296186649,0.5,4,0,2,159.96226942872363,226.04013567049768,0.27182164764291555,1
10.034695932441625,4.0873821965246036,11.141349799563642,9.153289845995102,2,0,0,0.0,0.0,0.6197180984760092,0
18.919156387726595,3.954444715929762,20.60929326240344,18.690515333386,1,0,0,0.0,0.0,0.44947484679037236,0
14.558020566774596,4.767867687061487,15.107426681489905,12.73992020921346,0,0,0,0.0,0.0,0.5144502418740288,0
4.357070059300608,11.608947079967217,10.662817529158964,0.5,6,0,3,112.9064355250047,278.5054111361758,0.15601531106172206,1
12.891180005986175,0.1322725274021208,13.06537002265945,10.322447880911314,2,0,0,0.0,0.0,0.7536091459032908,0
12.376868353277464,3.238556674340826,13.071106219808911,10.7014525882594,2,0,1,15.562513225730434,15.562513225730434,0.936387035129865,0
13.58208435987966,0.43254634469873765,13.752928205975005,12.459107666041099,1,0,0,0.0,0.0,0.8898221134680042,0
8.736170695551753,4.521551859936367,11.106336612764405,8.049095457676346,1,0,1,10.2910618266756,10.2910618266756,0.45248776345055686,0
18.9349418690516,0.4662245961067918,19.725476220998313,16.228017948725302,0,0,0,0.0,0.0,0.9950788420274598,0
11.065089023857482,16.941960312207556,16.97657795886797,5.0704771609852335,5,0,2,66.55756982512892,94.07293244881318,0.3234861587541759,1
5.988895699134039,7.038638135611402,8.490668426345145,1.8956953683629756,8,0,1,168.00012521244824,163.3494790399864,0.21088990064015833,1
12.374605576878665,9.274259497051581,16.512263790931218,8.975079645943374,6,1,3,140.72528785449273,388.5375347213252,0.028999437602021817,1
13.324824350703254,3.298586613199631,16.203892008045298,13.024787209633583,1,1,1,15.026145913043528,15.026145913043528,0.9653567041951366,0
4.68302764922635,16.018252798957715,7.568972610755835,0.9499209092365613,4,1,1,31.910841500582254,28.165805174090277,0.026185740859058407,1
2.0468836693839996,17.304549979313414,7.450204952907969,0.5,5,0,3,60.22905043773636,144.98206423354452,0.3866459969056857,1
17.613867167613886,1.3229551738436456,18.244025928151803,15.262116381074241,2,0,0,0.0,0.0,0.9924067000906691,0
15.88968002229951,2.8522486743617224,18.881778566948622,12.948302509735779,1,0,0,0.0,0.0,0.999954896099906,0
7.565207396124269,21.85176758867335,16.009232286203176,1.1787521057169785,6,1,3,80.532294671487,214.4032357918894,0.19934857818036777,1
13.460231393884014,7.254233654978179,19.355616580436894,10.294016954287194,9,1,2,54.83452726280311,90.09028795653249,0.3597428782597457,1
10.621545729528416,9.090207411119096,15.947538149785743,5.37784442328082,7,0,2,59.27907214138883,88.08737304610807,0.010411819926853961,1
12.064476392286222,9.800768375282995,19.89730266104523,8.553026800081692,5,0,1,84.10548043590481,71.03317431453519,0.11678678426034744,1
16.607700948002098,2.23684238995936,19.228483527876968,15.056623361345668,0,0,0,0.0,0.0,0.43323443801256356,0
16.22035939123026,0.9888381380875921,18.678397837395572,13.487103996508115,2,0,0,0.0,0.0,0.5665172751910171,0
8.040475322606666,1.006265804524538,9.811815387392594,7.553123739072671,2,0,0,0.0,0.0,0.9580161027328974,0
5.015804804787948,23.074498407476153,8.433694386966776,0.5,6,1,3,118.01289296191806,312.0883845653001,0.04873564454179551,1
8.14325959945019,2.5060537568734578,10.235825265274414,7.9247614124802235,2,0,0,0.0,0.0,0.6594900255235959,0
2.575840602960901,16.781203070505825,8.97331464978679,0.5,9,1,2,119.38254565035147,203.94749607383565,0.013737353741287352,1
10.059480222614777,4.655983401023477,12.116661075841822,7.938378558513268,0,0,0,0.0,0.0,0.9532722615767307,0
8.231228611029701,19.46068861701591,13.377200329366003,4.9278277634750935,8,0,3,86.42476656466165,220.86942896498735,0.1452513771384288,1
11.763428499988912,11.793036900339109,17.188624035927727,7.341386554244744,7,0,3,100.73738941413488,282.1940979389261,0.256388529648855,1
3.2436266234449413,5.758338881472667,8.8981572330955,0.5,5,1,2,52.972212549563615,105.4922648405533,0.26187035222889116,1
13.54652493602607,18.889594839067854,18.33626265488219,6.242010756567301,7,0,2,57.162105346191154,101.7022036702785,0.2463159195920498,1
11.006017096351275,1.85559845609366,11.296086245364505,10.32663528507711,2,0,0,0.0,0.0,0.4612370710826961,0
9.309660333630102,23.853194862121725,15.407922172719037,6.633236604449925,7,0,3,126.89012772014074,316.3166101639881,0.10021842357245131,1
6.440125520001292,24.186478090164275,14.8290296473889,1.6888328911248909,4,0,1,61.569332571300514,49.859092874237156,0.35213927834079606,1
3.589044507108839,14.879499766105319,7.800328835858236,0.5,6,1,2,134.42629509536513,265.661630197416,0.06975530649984699,1
9.577330436371167,19.647900917145115,14.33230155960744,3.591776573530341,9,0,3,136.94382233392892,402.86243938577735,0.025949455134042898,1
2.890837838760846,22.35987866672221,11.231535119029395,0.5,3,1,2,118.03790348851291,219.1242377323064,0.07275227926063495,1
13.216400443673452,14.962968744691338,17.183898157696245,7.0840182980355095,9,0,1,104.32073445980001,102.48757937886556,0.3567472817525304,1
19.20672125779836,1.6154437364727614,20.303647745910993,19.07028740388025,1,0,0,0.0,0.0,0.5672169125816954,0
14.676457957344939,2.4701374643343446,15.906100009353441,13.919583189560976,1,0,0,0.0,0.0,0.9105437932905999,0
2.3119472954009495,14.891725024052915,4.988293978441934,0.5,7,1,2,176.0760397462822,299.9544086403466,0.01772387288345212,1
13.794128889106105,22.467301791174354,19.461321744666904,10.814796373438512,8,1,2,55.18183516242695,77.57461062847794,0.029326580848306173,1
2.4327121404249406,15.05687421286271,6.945435782293565,0.5,8,1,1,92.48962210409147,68.43318296470596,0.06538234333356333,1
9.306833300765145,16.853279002669893,15.196489819938186,2.8741780135200576,8,1,3,163.62178414707046,349.6531647156319,0.028615528756150567,1
5.026135897687227,10.298617724448121,8.796295886694274,1.8511856045562807,3,0,2,67.05328055218284,103.6772727693119,0.3827904758841243,1
2.3825388645089602,11.796854302996136,9.058471202526773,0.5,3,1,1,122.87400369940565,108.85114688304394,0.015103655839360287,1
7.37792142860705,16.00528195718356,11.74642886627261,3.651442353298661,9,1,1,85.22003849717073,60.654482618098186,0.13075151590612785,1
8.30656881345925,2.031637365233627,8.400767702897474,7.1937985381320555,0,0,0,0.0,0.0,0.8453331013145262,0
12.043138318300699,0.5586391367803123,12.888287744300332,11.412252637992179,0,1,0,0.0,0.0,0.6948947813557136,0
19.378934428669623,0.5790244467370387,20.38292945862326,18.420287240034405,0,0,0,0.0,0.0,0.527002496202702,0
14.745009532377672,23.3682701819401,22.47806225050096,10.189171339058191,4,1,1,145.23340070047226,113.19764998122584,0.12431676501385867,1
10.852752347339043,2.921093106464018,12.014145027155898,10.749647729634999,1,0,1,9.342073846285398,9.342073846285398,0.9009844440189342,0
4.069177948237588,18.14942737712307,13.030321992651485,0.5,7,0,3,75.82967495173261,174.31105513846205,0.2862976156001869,1
14.247197801635773,0.368549093361219,15.78378123191459,11.778965708517292,2,0,0,0.0,0.0,0.7436023499146727,0
16.940962053946617,4.524884408908407,16.954166880957974,16.939971576168187,1,1,1,4.292039904306108,4.292039904306108,0.5169214493304405,0
12.342088593442957,11.490095612400191,21.19783927607469,6.69219639730367,7,1,2,61.18288078790632,105.654744860791,0.39492621967945146,1
19.920410010585066,4.841491573300846,21.38902863686753,17.83128246097337,0,0,0,0.0,0.0,0.7917448632657617,0
15.830315805591761,0.8173396905313857,16.59751278591241,15.08818834699354,2,0,1,8.356376122125074,8.356376122125074,0.8501874630278319,0
12.582461026814006,4.049382075192847,14.335870821747845,11.41077471953291,0,0,0,0.0,0.0,0.49459635703200405,0
8.44679125899125,1.2974401161894096,10.533150629156717,7.680282786274059,2,0,0,0.0,0.0,0.7153791487597023,0
17.090323929594135,4.205138188787059,19.375763220221724,16.028309100050407,2,0,1,16.409987563284776,16.409987563284776,0.6256520277013612,0
19.58527472152129,2.1776812170958326,21.26332229706613,17.699356251630586,2,0,1,1.2633546180606214,1.2633546180606214,0.560650999323725,0
19.5762266773621,4.377783271748031,22.204028453698076,19.048025569249127,0,0,0,0.0,0.0,0.9420087102196348,0
3.6251406611679675,7.880407161033991,12.75200157722967,0.5,5,1,2,160.6521431090624,287.1326634369066,0.37846948191853813,1
9.739154095177636,18.802626958737843,14.882652535400089,2.460906200753316,9,1,3,52.840602850844625,136.06913822364064,0.2377014268799675,1
9.398580361202647,2.849936597693716,9.90382268161807,7.407437864848241,1,0,0,0.0,0.0,0.42786929037145693,0
7.173484893786493,9.598503270911213,11.876696299986998,0.5,8,0,1,81.14038204712935,64.02974878889195,0.09362499702882997,1
16.15462234742222,1.1808599124143866,17.285603835053582,14.634487055623824,1,0,0,0.0,0.0,0.8307527940356315,0
4.067326699963545,18.03825213465904,8.391960531200844,0.5,6,1,3,94.7331434929661,253.58191517885098,0.3778836203301649,1
7.874162646745126,8.848220757742787,17.027023433928708,0.5,6,1,2,134.57120257385986,217.03677139629244,0.35496298958758543,1
14.694246189562346,2.8286395567214617,15.58678670490368,12.940728081612404,1,0,0,0.0,0.0,0.6596029203506165,0
14.647664655033527,3.2372106090810155,15.628125051634154,14.163476901799148,0,0,0,0.0,0.0,0.6857396881102975,0
13.275406760106378,3.247904723089195,13.426495757086565,11.315386986849946,2,0,0,0.0,0.0,0.7491162104107976,0
18.32144529676896,4.934308512651081,19.069896056361305,17.778737834395223,1,1,0,0.0,0.0,0.5682579169441462,0
10.888942722111457,11.244636792414704,20.165251281418566,4.862867873042237,7,0,1,71.1420564337698,70.9274694411498,0.27066750226635333,1
17.29838321001329,2.6985275766331536,17.74444982719823,16.25244977494614,1,0,0,0.0,0.0,0.5357695763762006,0
19.942185447499263,0.37797937580800633,22.751524715934536,19.073837864586153,2,0,0,0.0,0.0,0.7271906037695879,0
13.58451676789389,7.197639394704021,15.900257272488572,7.968279151456704,3,0,1,150.68380717029453,144.3558445867996,0.14385469727160102,1
8.721628610971731,5.914532295245454,18.284493686623993,5.858917572874578,9,1,2,148.37709786589727,293.5951202437287,0.2433321020587964,1
12.746447081032768,10.829125427467412,16.064629496327854,6.508714196798724,7,0,3,105.15308580234377,278.01690681392586,0.12110943694267698,1
9.053412644304881,13.80437945942004,14.174318351776346,3.018009473737143,7,1,3,91.7646825339566,200.7079838896418,0.09436034667931535,1
14.951147282021267,19.73114405939689,17.650748534043295,12.829651003280715,8,1,3,133.27866031617972,358.8638536676662,0.24131747241946583,1
6.852964709889536,16.291681167517794,9.362589529764147,0.5,8,1,1,169.8341547276695,132.72387007379302,0.29698210707794137,1
8.803837917122625,22.679382588945952,15.217512190315212,3.1063209561000162,9,0,3,99.56811836330296,225.2957258026303,0.25870998443277304,1
15.47109077531028,0.17887345357003925,15.522972702611527,14.510004863833363,0,0,1,4.621929564866239,4.621929564866239,0.9420662179245566,0
5.296956723995305,18.26046876648803,12.686672434643427,1.4170093261903562,7,1,3,80.95176565938382,216.22476186388545,0.2364248312195957,1
3.9415298541531545,12.371533876762753,9.263110967288428,0.5,9,1,1,105.83189069522463,94.72404218592561,0.12879323491364958,1
8.443636969859948,5.256366669311873,18.048801967667526,1.6635350934217898,4,1,2,86.03228312119566,160.90045061557205,0.17872618736770174,1
16.445042097938106,0.11455029945579676,17.328211755755817,14.77106515325775,2,0,0,0.0,0.0,0.9821762396492514,0
6.549070939028299,15.860250200286911,11.617085987955555,4.5405165693031035,8,0,3,81.75309999157,210.1104151648344,0.14398940727066778,1
9.311836236528443,7.47521332168022,11.952166829259967,2.7788418243477198,3,0,2,177.45246460592227,254.6085377541568,0.2334118195463653,1
12.965272406585715,12.224454704685726,17.049173039044508,5.819953643986235,5,1,2,86.67274257673574,166.6917971500984,0.15748816261287804,1
2.044799869099306,11.603620463057595,7.072600274918278,0.5,4,1,3,53.2012954691869,134.78649245930274,0.21170221638030007,1
8.878778051326806,2.9993398657752355,10.458273633311531,7.330078757519319,2,0,1,4.904391567747519,4.904391567747519,0.6122775912813431,0
15.077065013471902,0.6838739406066674,17.611913434170212,13.651498276730855,0,0,1,9.184747827281818,9.184747827281818,0.984364460000069,0
14.362586423881192,16.638744279880665,22.728408143639896,9.78023071578474,6,0,3,109.36853085311749,265.55916703120255,0.10643172411988724,1
9.820077686520376,1.231023842543908,10.700914181714625,7.9963508436995525,1,0,0,0.0,0.0,0.9802095932793837,0
16.74278253959925,1.7249142284793917,18.75263008260849,15.969389553106874,0,0,0,0.0,0.0,0.9354222223905173,0
2.8314526586488142,15.74406973182166,11.598649826341015,0.5,8,0,1,68.98747107865856,54.512945408668365,0.2644617078876372,1
16.4491962127694,3.4134925238791842,17.627619363627016,15.264635189558366,0,0,0,0.0,0.0,0.5961080182784294,0
2.8898013140776886,13.95000545047309,6.201975271107795,0.5,8,1,3,33.24626919123535,93.3024048351849,0.029918659198775722,1
16.097557155218674,3.7672485512105274,16.83496872405227,14.075960973459608,0,0,0,0.0,0.0,0.62845497443091,0
13.124854057206893,22.49525047562922,19.774950364561235,7.9775896632166745,8,0,3,115.11588768967094,271.26730276134685,0.15119524648398466,1
10.150518194732308,0.4110079474096684,11.135591550131366,8.877387893690674,1,0,0,0.0,0.0,0.8347132014005758,0
2.0151276362637196,12.594890690979135,9.91725174113763,0.5,6,1,3,34.63021988136915,77.88671847523223,0.15804995390982693,1
3.26170370278391,13.653202153814338,7.966629876060412,0.5259883800392791,5,0,2,100.64352785865451,189.2597461157637,0.18427959509843933,1
13.77204159496122,15.896317749039412,23.167996463203554,8.337914522795472,3,0,2,96.04694636278585,170.49533499430652,0.1961641444547221,1
14.56321822937853,2.4039070897455668,17.33702120064367,12.404149441242467,0,0,0,0.0,0.0,0.5923523835950404,0
7.290166856407508,24.239652400006793,13.468001214570135,1.971106619586969,9,0,2,142.52322356923827,253.50670231040058,0.12652882280379227,1
7.32145852977628,18.23153481148117,14.391136477161169,3.0256115993828514,7,0,2,93.62263200873997,144.67584256649596,0.13093345029993195,1
12.41801600307313,2.633625082368945,14.962898800998786,10.83573256974654,0,0,0,0.0,0.0,0.6298230102509571,0
14.527933157436463,23.935795534503182,19.216810327201294,8.689446885210385,6,0,2,58.98067273227771,113.29526584856193,0.041734021147632964,1
7.864898560478885,8.108666078514783,15.768789618680177,0.5,3,1,1,78.69258634672161,59.399695777887466,0.3583467756631472,1
9.267714186442902,4.908836755989828,11.46059931092625,6.716147857627979,0,0,0,0.0,0.0,0.8975174674821492,0
4.900494461002669,17.10481515144364,7.67417847679341,0.5,6,0,3,84.66402170028766,206.74264852302625,0.3221082388829004,1
13.240670697868,3.260569893118741,13.399020749415072,12.69985608981287,1,0,0,0.0,0.0,0.4346597793832411,0
4.66386874684501,9.658261085062232,9.984232698476212,1.3747926770274868,7,1,3,100.68554892005548,291.9681298899585,0.1873221949514537,1
9.515233796976215,10.14427357503257,14.34272623289969,6.232222262973432,7,0,3,172.5663351135155,452.64721299959933,0.32590747253881,1
13.743090678360414,14.666364431045068,20.33465325596577,8.792326797984472,8,0,3,97.53099241726792,224.85569222765182,0.14450469162815796,1
14.399002150766751,13.317804264243902,22.709963029311393,11.543141526627693,8,0,3,127.26358976573681,300.46456173172606,0.33813404880905695,1
8.478574587035986,24.531746784007687,18.05550661292701,4.327378486816922,3,1,3,171.1540623986362,447.16858680646794,0.2005487738282079,1
15.395691798160328,0.851523524717479,17.454924443029718,14.038638491115051,1,1,0,0.0,0.0,0.4873874776158987,0
15.719891764109459,1.1470933825785667,16.193052715359208,13.8370176613403,2,0,0,0.0,0.0,0.8081277426513296,0
16.427774220628997,3.9260793756261165,17.965914665407983,13.988576372861992,1,0,1,0.5772967891606151,0.5772967891606151,0.6370531134139797,0
15.51561313728639,0.41977851535450805,18.17059397747147,14.708988589261846,0,0,1,14.586910686595454,14.586910686595454,0.6216160423669833,0
14.922930894780551,0.6302630447620344,15.627506973776352,13.899563956637607,0,0,1,9.631067942545199,9.631067942545199,0.8002009196085189,0
13.070164521641775,6.11094466975292,16.260096600613757,7.609426270658357,8,1,2,86.07601289481778,150.7424267375412,0.20092076206577852,1
11.49014285406951,21.029060556480946,18.680487778766853,7.546766687443203,9,1,2,91.23519312329347,165.61423317225083,0.3383727142636997,1
5.024117798121871,17.529862636704095,14.393838598972156,1.9243576167653416,8,1,2,105.83117246599363,172.12346590742368,0.2786964000838603,1
11.843020764442173,2.303740674971859,12.53122264453174,11.292792373590121,2,0,0,0.0,0.0,0.7225747604484127,0
18.861008453131443,3.9496636052794005,21.588226032215328,18.20626728878798,1,0,1,17.49542725006672,17.49542725006672,0.9261526041461827,0
10.97982179629811,1.8637636003358655,13.21460047188456,9.511762420075353,0,0,0,0.0,0.0,0.9396199173525561,0
14.070407582344261,0.31125294970727135,16.83676875173717,13.539057876309142,1,0,1,6.462824125196529,6.462824125196529,0.8726628880531411,0
14.932030042798026,1.8440044245114868,15.547274116097151,12.800770639076035,0,0,0,0.0,0.0,0.6306572398404298,0
18.899463481847945,2.0834019021571897,19.84269356096933,17.734152666190223,1,0,0,0.0,0.0,0.6179940901442509,0
9.819950094198141,8.255057724283276,16.20956013904803,2.674670554577072,6,0,1,97.35083688705645,70.91696460036263,0.23978467031466277,1
5.7344558028927235,6.5353347428996145,10.216358694418599,0.6943927402501391,7,1,2,162.39084355932624,321.5911574361475,0.17562824589677584,1
16.679479380113797,0.35334095154039236,18.724828743750834,14.61932940129925,2,0,0,0.0,0.0,0.7885328665920535,0
8.898172958263519,15.145715105812695,16.571055861925704,4.438285042125823,3,0,2,172.5185183186048,285.90281330794176,0.031282262764437886,1
12.053154061640013,6.355145655572039,21.3157632210743,8.363253393868902,9,0,2,138.3474265940931,204.57587015268302,0.23698985902544598,1
8.446774421027502,4.276738343418113,11.165576612896993,5.895417600940727,2,0,0,0.0,0.0,0.4486537769971505,0
9.69577968083308,4.423784551312288,11.286445640607658,6.850361222466892,0,0,1,19.09555104850431,19.09555104850431,0.8237369019747842,0
16.25053886633997,0.17181514608430537,18.73156851128074,15.396649130522013,1,0,1,19.6106774257728,19.6106774257728,0.6356799142602896,0
14.11585299490254,3.585075188319707,14.251967261724008,12.44391707895047,0,0,1,0.31891372906621696,0.31891372906621696,0.9118243972699059,0
15.455625070065185,0.45685720280707387,16.75346986868132,14.773717848349614,0,0,0,0.0,0.0,0.8579118627776843,0
17.079316276855902,1.3661820973197387,17.9301253586348,15.116268238368932,2,0,0,0.0,0.0,0.7668118184650852,0
8.092373635456553,4.150326860978897,10.204740698153858,6.106885766422243,0,0,0,0.0,0.0,0.908234914523017,0
6.774821318997185,16.72003454701423,11.041443227890197,0.5,4,1,3,39.3336258978363,114.37638662977325,0.015179892095948323,1
15.974953136108478,4.708446042209745,16.573932196055413,15.852853750347055,1,0,0,0.0,0.0,0.8594953281774661,0
10.0660836517853,20.89359136862431,19.182808782720215,5.256242090750423,9,0,3,176.85440391377088,408.9504499462661,0.06740851043299126,1
4.137187295364022,10.683256114097484,12.081069882328855,0.5,5,1,2,68.84732661479501,132.5549125160136,0.20605506938444026,1
8.428531388337717,1.8258167783901436,9.866039430524042,7.869280822707163,0,0,1,12.013558459104104,12.013558459104104,0.9777019799456836,0
17.41524950413362,4.387908862666837,19.558999917765,15.842539534444139,0,0,0,0.0,0.0,0.5212505889864634,0
18.940196051956832,3.039398219367774,21.238725250366567,16.720402297545608,1,0,1,14.012487163246021,14.012487163246021,0.5345144193036393,0
15.076851350674438,4.852087396934318,15.259196878128447,14.752483528786254,1,0,1,12.983785692729864,12.983785692729864,0.5465436808529056,0
9.193992971079389,3.280809032224386,11.567250135663478,8.129239449985267,2,0,0,0.0,0.0,0.8865585133770455,0
4.255005975492567,9.18388335257241,11.208476203635374,0.7787946182071881,9,1,3,43.93674919945549,107.19459327162642,0.12683296695718024,1
15.934290796783255,3.517425552482833,16.344555867623416,13.49544769094939,2,0,0,0.0,0.0,0.4035381640220721,0
10.629743998492668,15.465160963109629,19.197834075702858,6.827284845771886,8,1,1,121.39461589371216,89.19540213497608,0.1165922690316394,1
11.833065184570454,0.46627434892685393,13.955725252328413,9.631052420939401,0,0,0,0.0,0.0,0.5140755386134488,0
3.414346002952413,17.04416928496407,11.821847569519264,0.5,4,0,3,96.72438863969384,232.6215450849794,0.3392545157212713,1
12.825400271362904,7.104369482836486,15.95359858016559,4.961478440685044,7,0,3,57.6940810105973,160.62218331666168,0.08271262372964805,1
10.17453940845449,0.45526925154732223,10.927840079574093,9.319749991879146,1,0,0,0.0,0.0,0.522276301179953,0
8.672816571973478,6.690652305871447,14.42797160022411,1.0751463600286133,8,1,1,95.56181374345182,67.58239538791335,0.3697715008629892,1
9.512331799411678,24.23581495252448,13.413167775275886,5.987257353950098,3,1,3,122.31085161416561,292.2526734398027,0.2280992499789598,1
3.863883723887114,12.479405185546653,11.77820075385861,0.5,6,0,1,122.86746260277602,112.96068900878223,0.27063334816795065,1
8.207131825966881,2.6268563989242333,10.672262511843483,8.073575271732082,2,0,0,0.0,0.0,0.5803462648324134,0
19.20389054489926,3.735431046974125,19.897875481820133,18.201888388419476,0,0,1,2.7380281139478546,2.7380281139478546,0.5715028867983573,0
9.997279545588409,14.11778848268482,12.307775393803185,7.788084107686256,3,1,2,124.60307824684746,206.3651057600804,0.36084692345691116,1
12.780263863590909,0.41734647590978613,13.652378431304054,11.149083659100414,0,0,0,0.0,0.0,0.5336841054401711,0
10.01397825637771,3.9438585778274673,12.129111671854314,9.047581827928788,0,0,1,15.403190461723051,15.403190461723051,0.5337864848726088,0
10.921476293263972,4.941235778451227,13.777847927656584,9.23168213170211,2,0,0,0.0,0.0,0.8980100022248716,0
9.347355270068892,2.2014502300434806,12.14300511557817,8.91172020992488,0,0,0,0.0,0.0,0.6227601544690425,0
8.574950750352471,14.114548013604926,18.552253264588124,2.907698833459216,8,1,2,45.27560123996991,83.18756995747557,0.0722260066700899,1
7.550407791454201,5.7914192362270756,17.270392258197294,1.7866499860051617,4,1,2,175.7871195188527,333.9053131394486,0.10833285613598372,1
5.0991017484571275,5.0839432166113045,8.603491773632395,3.0747382307358735,8,1,1,134.79153330816428,109.43447869954869,0.1917987345913039,1
10.843204379080806,9.42903880853419,12.853258742231295,3.2406316602402985,5,1,2,30.12805461561049,45.74413448723232,0.07535719296142954,1
12.229816731176742,2.286304022959103,12.675689122586457,11.014825614545899,0,0,0,0.0,0.0,0.9314324682526665,0
10.510187034961689,0.8143611408217394,12.152065328002633,8.617926526017396,2,0,0,0.0,0.0,0.6808612266697632,0
17.990052800388256,3.7539483747425404,18.421650028808788,16.123874272541933,0,0,0,0.0,0.0,0.40120422750338447,0
13.325466061890872,1.1942993981661258,14.113835978957129,12.60385238197572,0,0,1,19.433012092389863,19.433012092389863,0.48187067096227515,0
17.577500576077153,2.627703655628581,17.85069964403957,15.8288425714355,1,0,0,0.0,0.0,0.4557684798722238,0
4.1912757367308835,7.361935139333569,11.992377050329633,0.5,6,1,2,76.87834069864596,118.02642213731464,0.20232427340788603,1
8.117266777033775,3.901032861005955,10.576913170812118,5.2207343033299765,0,0,0,0.0,0.0,0.6010918855733924,0
16.79288257202951,0.9903856002931588,17.447158957248906,14.89814905046636,1,0,0,0.0,0.0,0.6334364257711915,0
12.641242503235492,4.493534147873966,13.172909653154901,11.764200230590038,1,0,1,3.9302057761583753,3.9302057761583753,0.7520374470488131,0
15.038702728968248,1.8613512906333862,15.279388417121366,13.953708021359963,0,0,0,0.0,0.0,0.5329655129434905,0
6.68517926655369,12.834961752104235,15.033349383676285,2.740252848780651,6,0,3,104.39662000391115,311.9705882704518,0.11934145226115334,1
10.874092928483659,2.33303132963091,11.474240627922784,9.199516222584386,0,1,0,0.0,0.0,0.7609372412931402,0
13.199833882794762,2.7368887674987312,13.386044292920294,12.930260128794622,2,0,0,0.0,0.0,0.8605570709519057,0
13.5664216329996,12.901135472065008,21.307690482101258,5.929033413591524,7,1,1,138.79658633110506,117.91982244053543,0.24339643462544674,1
12.817412091348464,1.925625354596111,12.828059066942778,10.977133306784769,0,0,1,18.894735805678526,18.894735805678526,0.798686177743835,0
6.579654049175389,14.818501879726615,10.102471876057898,2.48911816244083,8,1,3,178.43806112110047,375.89395083360296,0.10539335085716123,1
2.181914332216014,19.647358002946312,9.729320749012784,0.5,4,1,2,84.9184468833005,141.19351839426918,0.22716820130936327,1
10.343764857601824,8.619591552119903,16.669444496931398,5.64208796041458,6,1,2,71.98944324846651,110.62518214308074,0.3221430680647103,1
14.785665578603004,1.1297635542662694,17.539895265408926,14.212116461311055,2,0,0,0.0,0.0,0.4970777049341445,0
11.524349151752773,9.972282380434795,16.474272567208846,4.588051868857476,3,0,2,152.27748484391293,246.0048234926132,0.19198259738532508,1
10.906065476567324,3.6062704871486977,13.171418844483576,10.243071003996418,1,0,0,0.0,0.0,0.5309049857667832,0
10.278583834710412,3.606832818506493,11.277807873586005,8.529223850043387,0,0,0,0.0,0.0,0.6448085001989613,0
12.55512372586928,3.193126995512128,13.038346260077684,9.6137770299601,2,0,0,0.0,0.0,0.8123042155657014,0
13.980295211533253,0.3235209841992559,14.413187418359092,11.331122023835551,1,0,1,6.981939729881641,6.981939729881641,0.4975602450422192,0
2.995392343661511,23.398027328738426,9.238677847464738,0.5,6,0,2,56.803942842946995,89.59864832386484,0.3903157345376459,1
2.2933014598452592,7.952869852743176,4.504011073833675,0.5,4,0,2,71.82757951301471,137.73258811956254,0.39442874813554174,1
12.481199944617122,20.003326327529148,20.45872091346248,4.737786275712959,6,0,2,101.93046675645395,172.1461577872848,0.12746190162694054,1
16.23434935622668,2.25569949750525,17.49235932842289,16.016580426719322,0,0,0,0.0,0.0,0.4593226930321906,0
8.857837007769781,23.932634919306754,13.987662778037645,6.468396830481762,5,1,1,83.93646018738741,62.26345804564047,0.05393366058088467,1
12.531696595715736,4.806489870664714,13.50864205523475,9.581125430471847,0,0,1,9.500335139868376,9.500335139868376,0.6330781855665979,0
2.2840679037011236,12.20041875709007,11.399987826897364,0.5,4,0,1,161.073560603001,136.95900395146623,0.1324705656404271,1
12.267599861688268,2.14301319890256,14.694981537762533,12.00169116000899,1,0,1,18.437769711709144,18.437769711709144,0.4326321796009434,0
8.694842111461828,14.598513780087881,15.532520462560964,3.8181647390397924,9,1,2,157.46110922180628,297.17308623916153,0.07308522942531352,1
14.985958353180443,2.6397200187382053,16.42839672107074,14.718446921621293,0,0,0,0.0,0.0,0.4451545607849235,0
16.036949689107672,4.706108175476452,18.254958276795676,14.41364093974522,2,0,1,13.993728398695369,13.993728398695369,0.4288152325599479,0
11.035935375148707,20.841015809005825,14.557701007911213,4.647012583787964,9,0,1,126.47421767450125,103.49022514856681,0.18727110515208012,1
19.16844791830969,4.4770702903350985,19.583560503750604,16.61819585431778,2,0,1,12.036137845977432,12.036137845977432,0.47847946686481596,0
9.066217820857169,2.452919398022544,10.927460944997769,8.855888903038643,0,0,0,0.0,0.0,0.6469904780809789,0
7.114376492555515,19.678729094665684,16.484667785996372,3.604300069393653,5,1,2,174.0282645014888,310.5658517712171,0.24683061200249054,1
9.061468888226438,3.6475191321469183,10.86761751887449,7.077038581657577,2,0,0,0.0,0.0,0.9428365644537676,0
8.637849025244956,3.0472320358783604,9.01186339074956,8.402443190012791,1,0,0,0.0,0.0,0.4402946694296928,0
14.013999542758064,1.844489717602968,14.330850678543273,11.817278792140396,0,0,1,3.265833639951181,3.265833639951181,0.9589600758064268,0
18.4639084879656,1.2533101735573355,21.038443646897488,16.970993852452526,1,0,1,3.6527795140359687,3.6527795140359687,0.4697474516139628,0
17.319181786360257,1.6362868684983212,19.29377401100036,16.946701226716826,1,1,1,14.75635455173892,14.75635455173892,0.6730009711167835,0
14.95872596899137,3.1628968211014308,16.06321651054523,12.75516549544907,1,1,0,0.0,0.0,0.62168723418024,0
9.33059746678046,24.01363873614165,12.201481039953702,7.133114854813418,7,0,1,60.08050078619,46.81084042312225,0.2802395243792646,1
16.518592265315775,2.22450024910269,17.025596304595283,15.135562718796912,1,0,0,0.0,0.0,0.6734237706521785,0
2.211976723224563,8.481282748146167,8.120085843190587,0.5,4,0,2,45.72059843093835,90.29722587620188,0.3418695481001207,1
11.3572344120877,11.951598087150003,21.31603286858204,7.542843293113833,4,0,2,65.5922622895079,114.37099171125145,0.3954543353957134,1
7.207209773763819,5.861619400118496,10.801021315011617,0.5,3,0,2,127.5267188941518,188.26407017101897,0.20246803426208101,1
14.173357137623716,2.8474591926000485,14.229531279006888,12.039675293212209,2,0,1,7.6212429357113205,7.6212429357113205,0.7539539069642891,0
10.577768769249616,2.4287067830842712,13.459994234435623,9.156963364765563,0,0,0,0.0,0.0,0.754710872269644,0
9.881233248020028,4.264535438627075,11.988877489681357,7.559223309290749,0,0,0,0.0,0.0,0.9268700332634092,0
14.81385656600565,4.99361627268857,17.673012782610574,12.848529653861531,1,0,0,0.0,0.0,0.4672681890029177,0
12.069283248889635,13.346829465326515,21.848207127129463,5.65484054952894,3,0,2,59.48798813729404,118.60297914076752,0.0973124291448848,1
13.643885906551754,2.17494619456364,14.52877315504301,11.322408515874761,2,0,0,0.0,0.0,0.9402431911390403,0
4.427025866998357,21.771553327428496,12.361292514115984,0.5,4,1,1,56.40492016200011,42.16892825941953,0.16493368625332902,1
11.822503538690349,13.029076406075442,16.566693720941473,6.767853544341733,7,0,2,148.19554011123955,269.42977137824806,0.07724913610549461,1
13.74415840654396,23.913123307641683,21.559616779595736,7.398923470368266,4,0,1,116.20548058792318,95.83094107155107,0.0471055969106474,1
11.423316574282866,17.240077946628915,14.381543613351354,8.443382115997014,7,0,2,114.95995421407027,214.7502942534042,0.1969580501922077,1
10.288382357449217,4.578085460369497,11.063973441252386,9.980212236388661,1,0,1,19.43811365303341,19.43811365303341,0.8303966722245217,0
8.157600484519204,1.7723081014794329,10.386050556251199,7.923651985549254,1,0,0,0.0,0.0,0.7382651190577845,0
16.701622674929496,4.264026568514739,17.2230255385452,16.033961545746482,1,0,0,0.0,0.0,0.6352768881815634,0
18.915365562594946,0.12518168118721917,20.260082102261137,17.083021494361105,0,0,0,0.0,0.0,0.5054635060284765,0
9.478956034154141,2.456553837563489,11.444501475184744,7.74157228388761,0,0,0,0.0,0.0,0.5603481850426314,0
9.949749840522841,0.32196473233118195,10.757309161037902,8.128913602008229,0,0,1,13.027431048264651,13.027431048264651,0.8892451847934854,0
8.676686592800776,18.240191292280933,15.089509520673527,5.0325622883863295,8,1,1,172.88951235822168,139.9837935541741,0.15047271619438074,1
13.475463182624008,0.14305071799617597,16.235093365649732,12.18321215672672,0,0,0,0.0,0.0,0.8729230666429788,0
18.329538678322045,0.04791343856577812,21.22879662873584,17.3053019204397,2,0,1,12.201588802624892,12.201588802624892,0.7757536486793788,0
15.548686094261909,1.1385726925787116,16.95423477737286,13.121729892248343,2,0,1,11.030613058645658,11.030613058645658,0.8202864818140851,0
9.120304206330067,23.851554637857745,12.451659709782888,5.3660687003485394,4,0,2,42.24474747770074,66.70853151975066,0.20567527236840452,1
2.5826120387204945,24.14983115741903,12.205568201585164,0.5,8,0,2,98.4905729392598,139.127432954856,0.06237465566169301,1
17.145998699144563,3.9486514583774994,19.910621528734886,16.788785696941005,0,0,1,10.528272207897565,10.528272207897565,0.8684955000465568,0
12.25064813641131,3.4713855853981954,15.074517987594142,10.37364014663659,0,0,0,0.0,0.0,0.6358232715969252,0
18.72667968736357,2.939936558045692,20.571375718444884,16.577755741119898,2,0,0,0.0,0.0,0.9586948546663734,0
7.566283937007955,16.571201103982396,13.269782605625423,4.55467378958264,3,0,3,35.3434298631148,82.98765774455447,0.2774105708903953,1
8.719314571472882,23.345911932297707,11.636832832843414,6.291870280017288,8,0,3,85.15342838045297,238.75274454562185,0.06662650003376243,1
7.141720260398243,22.07391427962079,15.1811349534998,2.0387844374644946,7,1,3,148.04395244462955,398.36012473023726,0.18647641453157537,1
18.54838366251765,3.2221524675730926,19.663786655669515,16.694316826473113,1,0,0,0.0,0.0,0.8300259444430953,0
19.89305786145939,0.6737795570334226,22.788515518758505,18.089464444989083,2,0,1,17.69826914423987,17.69826914423987,0.8531419187199711,0
14.196380976578618,6.5320581671642035,23.88625860771613,10.722150421670564,3,1,1,103.76610957729332,87.22483836542278,0.031098177559467557,1
14.39318808606263,7.214732490208407,18.833337276938373,12.178013695334677,4,0,3,110.86352175333712,252.62744317577685,0.21580917740505987,1
7.703583697635356,20.991206324844576,13.398938044920456,4.811387787850066,8,1,3,52.896229638925504,119.18225344917496,0.0017442013366074428,1
3.1673644589471843,12.879225506808504,9.949638935887855,0.5,7,0,1,123.27841282268638,114.4220498086737,0.29027673956589833,1
17.858478331107825,3.228453342247692,19.065733813878772,16.442751001364062,2,0,1,19.35198386640501,19.35198386640501,0.6140540075186166,0
7.1792443940528,14.892226258470881,14.21495967546553,2.1499754219187954,6,1,2,161.42096770260108,276.91336114208514,0.3557160088287823,1
2.806663684260626,14.519519373194923,6.965364522803647,0.5,9,0,3,169.7521493431449,484.0474933596903,0.23143939627123902,1
15.498046324352378,3.3313151309589335,16.292367318234206,14.273670921728566,1,1,1,9.30478630359872,9.30478630359872,0.8206403098659265,0
15.946970570257763,2.7355755416431777,18.591914433982197,14.60019044245108,0,0,1,1.6975348963228787,1.6975348963228787,0.5999098932976161,0
17.65439953813325,4.555917946537148,19.372059119056548,16.21320677357066,0,0,1,13.34797249121615,13.34797249121615,0.9334519499961194,0
7.375719106921785,13.857166191588382,10.033894232331438,0.5,9,0,1,140.56604706049552,131.87886761238616,0.142629217057624,1
19.740960731875244,3.49197122970471,20.99122006875286,17.59188137474232,2,0,1,12.149567890062363,12.149567890062363,0.6282666710595768,0
10.809759071984606,11.564035010752349,16.551969191872885,4.719388449653801,9,0,3,166.74117854362333,402.54777764213696,0.30723256281741484,1
12.464046818199542,24.620046999144172,17.566622902801768,5.393454890754338,9,0,1,35.325505307794856,34.804535715915286,0.11015027258997785,1
2.9937721163536724,16.603898064959537,6.096056281754447,0.7434233592326525,5,0,2,105.8706934526501,195.89349233511965,0.07728005099135667,1
13.07995884200769,7.751005149858965,22.195250289637343,5.598310698720822,6,0,3,167.27111092760921,460.2921605174808,0.3262463661388111,1
19.67153289675703,3.816232867570865,21.496756662575468,18.575255255850287,0,0,0,0.0,0.0,0.7665511465103567,0
15.030708148636737,3.9401752290104857,17.22403203079124,14.317734714055323,1,0,0,0.0,0.0,0.92456321595491,0
10.73238456110991,4.479545693657454,11.757038256675225,9.804461564654018,2,0,0,0.0,0.0,0.7727570535553296,0
16.523043006088592,1.5956612165853028,16.935523069678688,16.47018299789945,1,0,0,0.0,0.0,0.4998592459974743,0
7.618174317261817,19.27782938656226,9.723151321754884,3.723462016622543,8,0,1,141.21599280664037,100.54835262861918,0.270498724824736,1
19.56534963699564,4.833113050798818,20.698747615601775,17.795823901330987,0,0,0,0.0,0.0,0.5072320775235385,0
13.45990362454608,23.305559578256688,17.670938387073274,9.196189278318641,7,1,2,167.913197399205,241.06714302189513,0.16066855552341403,1
15.190866301619403,2.567887010637314,15.723204744025633,13.494407451616894,1,0,1,13.412116194426908,13.412116194426908,0.5352412688612802,0
9.47121963727848,16.212858502919723,17.62105346137513,2.9243398031128844,7,1,3,178.52977356935358,506.56624175448775,0.01772392449533049,1
9.434384314122372,19.429390757429744,15.837076296217905,2.7176017793492813,4,1,2,149.9336065798779,230.37856676772728,0.06678160228177821,1
4.965140988514154,5.478107049955925,9.728934618026628,2.0909824555339345,7,1,1,89.97996945548911,68.63711974294782,0.2720709405360422,1
3.911390119796899,11.992034648085731,7.706416791238382,0.5,9,1,1,45.70577352936323,41.82187582713774,0.1198791325520018,1
3.9204058691627113,11.298190950534327,10.661830396472675,0.5,3,1,1,152.34315461632366,140.69800887025303,0.13387987780766739,1
4.616891531281167,13.936205084948021,14.266490491396398,0.5,8,1,3,44.83362599734754,99.99062657693017,0.12258309254018025,1
11.669105877868386,2.042093537493463,12.57391657675988,11.428433002465296,2,0,0,0.0,0.0,0.7367522924767007,0
14.349691556139419,22.19645763080322,17.594214733010382,11.31533401965736,6,0,3,132.75677635629293,359.0247942274269,0.059616883670083,1
2.557859544582524,19.38953786352929,12.178547395121877,0.5,3,1,2,43.472903019160995,71.40006867338401,0.32833271614990306,1
10.67101804598517,0.20055323547861548,12.331212631845428,10.272627901013456,1,0,1,13.189593565735716,13.189593565735716,0.43554907143983657,0
9.773409601739813,3.7278397586767555,11.681819193024205,9.21082545790013,0,0,0,0.0,0.0,0.4511498450692438,0
18.65986311978282,2.5737224697784473,20.877171692180497,17.764558305130095,1,0,0,0.0,0.0,0.5280695993467656,0
17.559205477980523,0.27833073028099564,20.556034363922077,15.474425388660215,0,0,0,0.0,0.0,0.5536642362762736,0
4.598753894422911,19.742481456267935,13.698827982878251,1.2148630493111758,3,1,1,146.8646909689755,124.87593633135376,0.14553308410735416,1
7.049301840335374,24.199698164753507,15.194021082088497,3.8007785512347128,5,0,1,135.34644849767972,127.67918103221041,0.13743616869332195,1
9.433777140476947,0.15138550665563077,10.335468795812861,7.041803750276195,2,0,1,17.779045113812803,17.779045113812803,0.8633358240314077,0
8.757561923893437,3.138785386307983,9.19144693826378,7.245870329015689,0,0,0,0.0,0.0,0.8024174763123936,0
13.865857015307602,17.173446911996272,16.183180292837324,11.183921200910797,8,0,2,155.97870050993782,278.9918418498428,0.28406864296120055,1
19.354355407382783,1.0350041577902258,22.32147313265017,16.861486874713243,1,0,0,0.0,0.0,0.40691260721562605,0
9.193665799034019,3.2953109791265582,10.890236390178735,9.162384117033595,0,0,0,0.0,0.0,0.8417425580290707,0
9.981784545319693,4.7833004421210665,10.653508939943036,8.608536443173096,0,0,0,0.0,0.0,0.5854805753521924,0
14.829566032549295,1.8728980346749262,16.79191848508333,14.338868790540433,0,0,1,1.0129065288745265,1.0129065288745265,0.9298917918230991,0
12.15068090698428,3.090162420905686,13.61945497815108,9.249188741576123,2,0,1,15.302027003400266,15.302027003400266,0.40757191725348885,0
4.220178464167881,9.218331122813597,12.331822706648982,0.5,7,0,3,165.66073558566725,483.4848264254194,0.1737039040747456,1
11.445278806463826,11.738573452941583,19.80471494595767,8.463137103041007,6,0,3,31.459644023328448,76.53011011816896,0.24269907613021227,1
12.113819543366594,13.50916665268868,15.344723298997291,4.255325797723622,4,0,3,165.06174571329274,421.7127604051436,0.126722053266263,1
8.384447201236739,0.14009425636405226,10.183936013855737,5.994195049246036,2,0,0,0.0,0.0,0.5352174551921943,0
13.625012725212969,2.496977995855328,14.009477678902368,11.207805259583743,1,0,0,0.0,0.0,0.5893681756127325,0
19.63591695803244,1.4259787415257485,20.045087076961014,17.358750728900645,2,0,0,0.0,0.0,0.6600052182209939,0
14.914224950087268,2.8309554369870344,15.699954625713437,13.09105670657589,1,0,0,0.0,0.0,0.9967973793233527,0
17.52870957887282,0.1380802863113506,19.959991686067276,16.62878193356793,0,0,1,17.645390331390026,17.645390331390026,0.4887466818073173,0
15.763588208255705,2.58424228153963,18.431268883010667,12.794898362768286,0,0,1,8.513068956312104,8.513068956312104,0.520134364244384,0
16.9303942983274,4.2985194410237195,17.574550480956077,15.715897710777895,2,0,0,0.0,0.0,0.6464690457456609,0
13.54376990799692,4.503910000942128,16.263361804355387,11.078017766230634,1,0,0,0.0,0.0,0.4896276871826959,0
11.65371140034899,21.95875515517257,17.33453779375909,6.0868503539983525,8,0,3,64.32874137352457,146.14666683530922,0.207598182572866,1
8.531987009627377,1.1053293252360836,9.899038009131326,7.538974001677833,2,0,1,16.36535136319181,16.36535136319181,0.9917977927308038,0
6.099229619941897,23.05756002115573,9.971862093560134,0.8118238780192426,7,1,1,99.50752287994796,82.7201768248472,0.3421870116464422,1
13.46551156181429,22.04139675657114,19.516441590308602,8.52429443658052,5,0,2,118.53228534429105,214.4259655339005,0.3737320032867778,1
15.726166433738562,0.5840615840606134,16.847366984232963,15.309641506094607,2,0,1,8.006890364327505,8.006890364327505,0.9332540311234155,0
18.40332195130243,3.133847308789037,20.184025221549557,18.310379091468846,0,0,0,0.0,0.0,0.6755826873947733,0
6.092410739742477,11.401862181511028,13.695491804888825,3.409952623260131,8,0,2,70.20494489278389,114.33101960373668,0.14186510070598365,1
8.066395409767882,24.892585759831068,12.45788386445975,1.649519579758378,6,1,1,62.37868511478186,58.29637830406918,0.11160807096745816,1
6.30687842598875,16.680859044553806,13.934583740308742,1.9826894041712704,6,1,3,55.666700000614455,163.53683988301538,0.21227525642497752,1
10.492760986421338,3.0228133230211878,11.704422338392153,8.170094412953299,1,0,0,0.0,0.0,0.9689959498216975,0
11.676900739202008,3.46695615440713,11.811078187931313,10.22370999185282,1,0,0,0.0,0.0,0.4663610508895462,0
14.682496247662266,19.529311075870623,24.00285725681949,10.859327463729933,8,0,2,76.50390246974266,141.40838669936028,0.2990264936719293,1
15.891403391915771,2.558315986789783,15.977171021734916,15.693384092525974,1,0,1,9.804029171125336,9.804029171125336,0.5478228391767891,0
9.702197863030905,3.458147452993994,10.709961707902625,8.920221467688542,2,0,0,0.0,0.0,0.6602175502049414,0
8.312799283191186,2.022959165229414,8.777673982034049,6.687109779828525,2,0,0,0.0,0.0,0.717039390040892,0
9.021396705983282,17.22413503716387,19.003009040451474,1.1702422395541223,9,1,2,75.6111883247027,135.83105544314293,0.11161695485210409,1
9.446300026715882,3.813824055605806,10.765485939706487,6.879651555409298,2,0,0,0.0,0.0,0.7708304850012233,0
3.4710670856657915,7.168872355025238,11.265922564304477,0.620775836180357,6,1,3,135.97147308291042,369.33255230925914,0.20620796636575067,1
7.171602736589364,22.238198966087587,11.818417175570524,3.6154078095843944,8,1,2,131.79028845715007,251.90201976734238,0.21430391980740132,1
12.004066098198237,10.303744795423558,21.13621662704971,9.575500217800622,8,1,2,175.107898149554,330.3699616800432,0.03099122638549221,1
14.425996585068484,0.08218028966163582,15.179935461244815,11.660730849987806,2,0,0,0.0,0.0,0.8492278582150274,0
18.00214519689986,0.9782387327635356,18.4875766838814,15.750194421391857,0,1,0,0.0,0.0,0.9171800536942648,0
19.13811126879482,2.5003116329510404,21.805219401194424,17.775915499798785,0,0,0,0.0,0.0,0.6814755447361056,0
19.12292477454283,3.7199695033964226,20.051025375951763,17.437385650385224,2,0,0,0.0,0.0,0.5011640837737086,0
8.607330089086082,2.7674247679216397,9.49210849062202,8.206319342491975,2,0,0,0.0,0.0,0.8631592673439239,0
13.78983561378462,16.81070879364051,21.69592105977695,11.601557485683502,5,1,2,148.1563096329628,263.0565842279153,0.13521696639881592,1
18.123656154149533,2.9741518867949335,20.47704055482967,15.87634126995029,1,0,0,0.0,0.0,0.8979206332868175,0
13.256519179486535,6.785725030622611,21.83867199154522,10.298664065481889,5,1,3,162.93920767947196,437.6147139915552,0.05766402415534784,1
19.869224174471835,2.1668930496746097,21.65370004229315,17.53753861446686,2,0,0,0.0,0.0,0.6821272726985435,0
3.0443801549917424,8.816986661271695,7.086428309941872,0.5,7,1,2,93.34708167840483,144.87551263268972,0.32729491480769196,1
11.076100740167094,0.2806579401053616,13.522728052424116,9.215410582562825,2,0,1,17.64185957497988,17.64185957497988,0.654811095083353,0
4.0945976573058385,10.148979756851817,13.499906267872971,1.248381591694626,9,0,3,56.19575710295318,151.46932019932936,0.18393820734489916,1
5.4387108416087955,6.3297360602974395,11.59333577401756,1.5612608432569752,7,0,1,111.22092411196307,108.08908483691795,0.01606712558023249,1
14.321465238712086,9.993001855166055,23.85375520702003,6.5980504719365864,9,0,1,31.376249122936635,29.137123661604516,0.22404205986885384,1
8.372372390539345,1.3569534188316013,10.566127362849452,6.346924132192422,0,0,1,15.654696827140555,15.654696827140555,0.49636841588152225,0
11.780790503130968,2.144618538700797,12.605025600451036,10.042699651151326,0,0,1,6.009580073729244,6.009580073729244,0.7451603765883197,0
8.280177929398523,0.89416680624611,9.935508744335205,7.071920253926455,0,0,0,0.0,0.0,0.9330007760672561,0
9.25988450150162,4.953662181878883,10.152473161688087,9.007579488106803,0,0,0,0.0,0.0,0.6119125604577925,0
12.037943708269905,8.537658803189029,16.06793347142904,9.43407734239813,4,1,2,99.49889086750399,169.02812643924523,0.21687825795442947,1
10.674375397770538,17.901690070596594,17.29694744794345,7.991805067505278,6,1,1,147.34040259033415,124.98674084629765,0.044603961747827506,1
14.331580815229016,9.271260169157522,22.858980743404828,10.851348371578844,6,0,1,179.98071574112006,160.76839113881374,0.2777059720250454,1
6.608364160172888,21.25905967294412,12.567822754886777,0.5,6,1,3,141.40551572290224,369.98714735623054,0.07769470320265964,1
17.0646569276663,0.6920250143351375,19.515377057950055,15.398480390731411,0,0,1,14.17950291878678,14.17950291878678,0.5313210953977281,0
16.651463725804067,4.520408542706541,16.752928650961664,15.308961632951714,2,0,0,0.0,0.0,0.4001718846357462,0
19.09092721212549,0.995511451990867,21.010287098425227,17.15779007287181,0,0,0,0.0,0.0,0.4777902402946772,0
16.294884933639324,1.2949803664981636,18.999892370536205,15.007000180056284,2,0,0,0.0,0.0,0.6059498144833555,0
16.419876424938124,3.830862946485905,17.363509908554892,15.73664460543596,1,1,1,10.727440474482515,10.727440474482515,0.6889365806664076,0
10.972242541359215,3.4258060030709307,13.085032401820252,9.898339064680219,2,0,0,0.0,0.0,0.699988105642825,0
11.371373909596407,2.614772275925591,12.421674324229976,10.407956788407205,0,0,0,0.0,0.0,0.9162102008851339,0
7.589216721206544,6.9444883585284956,12.70597870871557,5.498572047680318,9,0,1,134.12330596883373,128.69898982424385,0.32113936918789143,1
18.16810790922043,1.9540027673005262,19.82636340892581,15.839175950284496,0,0,0,0.0,0.0,0.6668817946219798,0
16.187445461164373,0.676812308801289,16.616109263741173,13.92141941486197,2,0,0,0.0,0.0,0.5686909020487876,0
8.769994617333019,3.0393600549575917,10.208626399704587,8.033542295891195,0,0,1,11.709400580457785,11.709400580457785,0.9606734120576689,0
10.80288418527912,9.093833492435808,17.74960672351865,8.025369805219214,3,0,3,97.53208964348657,270.6005935945514,0.2584281037085833,1
2.6475598974416608,19.834996099145506,7.553571474413364,0.5,9,0,3,57.035047772769175,145.97299516491674,0.2020255136719984,1
4.624648729727568,13.163293298031098,9.895140028866091,0.7192998920094595,4,1,3,135.7540643328792,404.8932955895549,0.01574375627950353,1
16.81943789740123,1.2667939110740345,17.494803708602657,16.638401381195585,0,0,0,0.0,0.0,0.6687652067694316,0
4.447644535665186,6.331438946048702,7.957563301253245,0.5,3,1,2,132.38578804601462,192.70687950675207,0.3637042833243967,1
7.108284206565201,24.10924287257557,12.613958455454894,0.7809587051468139,7,1,3,62.31328554109221,177.3421348127963,0.3695386496770784,1
9.270548257685627,4.476474070781694,11.648011439795841,7.017914928142158,0,0,0,0.0,0.0,0.5202202568458892,0
5.715490039026364,11.091759750447899,13.059979053656111,0.5,5,1,2,54.16648577787497,95.23753096857227,0.13674614877467764,1
5.731002328026609,12.082612726953904,7.962296914159067,0.5,7,0,1,91.29896961827711,86.54311525260998,0.21872245180579403,1
11.664015513567472,19.917894777663037,17.665369347040553,9.393065471434493,3,0,2,67.02176177310542,133.22802862420053,0.33150322949733574,1
19.15098698291763,2.226395584186223,22.100828790643153,18.262080847559776,0,0,0,0.0,0.0,0.6474893195615659,0
14.20122688572868,2.6125781340802554,16.001885507761948,13.396233690370703,1,0,0,0.0,0.0,0.8299163057328429,0
14.708036840897968,0.6297120817626134,15.275742773745778,13.83962777488036,2,0,0,0.0,0.0,0.8271473535423832,0
11.086791488775448,15.535838197027674,18.466631085435502,4.071791923316408,4,0,1,49.36104979602443,38.006887473751306,0.25693075678031935,1
9.198825872392682,7.447296575320486,17.615757449695884,2.494257668913594,3,1,1,172.46396920692823,123.24679781466763,0.3169647988736275,1
11.130707662370433,3.6458335140529226,13.280353312114293,9.752672053194201,2,0,0,0.0,0.0,0.7259760162226452,0
11.261366014294367,4.5166055263462725,14.257448773385697,8.503470699161344,2,0,0,0.0,0.0,0.8124491998113119,0
8.813169578207948,16.233266738859584,16.66692651507407,1.8251716765580692,7,0,2,56.5820862403641,90.28230614096614,0.21675238150907244,1
2.2888683137591985,11.739662448825012,11.211834725767662,0.5,6,0,1,108.97782771156213,78.05869414485349,0.2203490315389165,1
9.462203003101074,3.474415527386443,10.810801541056996,7.027544211067614,1,0,1,7.157961710912959,7.157961710912959,0.77562668227943,0
4.680142980205693,24.83912741606304,12.704834135736327,0.5,5,1,3,59.48695141226233,176.00970244357973,0.23924715141421427,1
16.565703796121348,4.368446816950417,19.413687131757726,16.468365274794174,2,0,1,2.778918718854968,2.778918718854968,0.9488145548249393,0
16.201119085016046,0.08815704467012353,17.812341732726026,14.313462168750206,2,0,1,10.253393063520042,10.253393063520042,0.8354386536178426,0
10.143041345562994,19.379458786128886,13.284487597412493,7.302633312583439,8,1,3,158.6426249652418,338.568020710228,0.060351218729841796,1
7.239982055102964,24.939738017817234,10.626845496794026,4.367086157507403,9,0,2,61.62253769305269,89.943990002574,0.09363705446642877,1
14.650708048700764,10.730918354369255,18.49837980987804,7.6414610110868075,5,1,3,114.00065461158883,244.02978940189132,0.16314518537026476,1
14.551382199691203,16.983941820422164,21.636590768962712,8.271864012183578,8,0,3,165.54465905656582,465.42852943208015,0.09397130531630063,1
12.35811800979315,0.845335305823065,13.856608126197271,10.182260700888309,0,0,0,0.0,0.0,0.5975654375334746,0
17.14903545974868,3.60441537254062,20.14048377902318,16.37089133952351,2,0,0,0.0,0.0,0.9777432538297185,0
9.957540475915863,0.07095149997375261,11.272945499282336,7.770889352899303,2,0,0,0.0,0.0,0.9837608875022213,0
14.813658299318591,24.609232702196614,24.782864623559682,9.954129225800784,9,1,3,42.831250083834504,114.53974556099482,0.11297090653706993,1
12.293552345836304,2.4731693150995886,12.48412253835423,11.466774495904394,2,0,0,0.0,0.0,0.813011919724137,0
14.118531857124879,3.1935529088143726,15.847458316792048,12.66575056878504,2,0,1,12.148716417903294,12.148716417903294,0.9711471700268022,0
4.1186394512312425,15.684381959337067,8.404658340028686,0.8299630553425388,7,0,3,41.554004455684726,102.1615653549883,0.32863534459432553,1
16.84375514865382,4.484391209149738,17.812334981162177,16.579291215896923,0,0,0,0.0,0.0,0.9261350066897956,0
7.394460528632755,10.434995734410514,9.513892266520896,0.6637829638747643,8,1,3,141.38551661136842,339.01711800240486,0.2888590074971186,1
14.417442505197382,3.886865646052744,16.160557477711112,13.5575319466526,2,0,0,0.0,0.0,0.8992222856058665,0
11.739450747461278,6.030311865022306,21.340240499763844,5.523013817118068,5,1,3,148.22160209518665,328.1438190045967,0.24412311261603836,1
